Product ID,Category,Brand,Season,Size,Color, Original Price ,Markdown Percentage, Current Price ,Purchase Date,Stock Quantity,Customer Rating,Is Returned,Return Reason
FB000001,Outerwear,Zara,Spring,XL,Red, $196.00 ,0%, $196.00 ,05 July 2025,37,3.0,FALSE,No Action
FB000002,Tops,Uniqlo,Winter,L,Pink, $119.00 ,0%, $119.00 ,06 August 2025,2,2.5,FALSE,No Action
FB000003,Accessories,Uniqlo,Winter,L,Black, $33.00 ,0%, $33.00 ,06 August 2025,22,4.3,FALSE,No Action
FB000004,Shoes,Uniqlo,Spring,XL,Black, $75.00 ,0%, $75.00 ,07 July 2025,48,2.6,FALSE,No Action
FB000005,Tops,Banana Republic,Winter,XL,Black, $105.00 ,0%, $105.00 ,06 August 2025,10,3.0,FALSE,No Action
FB000006,Accessories,Zara,Fall,XL,White, $35.00 ,35%, $22.00 ,06 August 2025,38,2.9,TRUE,Color Mismatch
FB000007,Bottoms,Zara,Spring,S,Gray, $53.00 ,54%, $24.00 ,29 October 2024,38,2.6,FALSE,No Action
FB000008,Dresses,Mango,Winter,XL,Blue, $91.00 ,22%, $71.00 ,06 August 2025,47,1.6,FALSE,No Action
FB000009,Outerwear,Uniqlo,Spring,XL,Green, $227.00 ,13%, $198.00 ,24 March 2025,14,3.0,FALSE,No Action
FB000010,Outerwear,H&M,Fall,XXL,Pink, $248.00 ,11%, $221.00 ,06 August 2025,37,3.0,FALSE,No Action
FB000011,Tops,Mango,Spring,L,Black, $116.00 ,0%, $116.00 ,25 April 2025,3,4.4,FALSE,No Action
FB000012,Shoes,Uniqlo,Winter,S,Blue, $146.00 ,0%, $146.00 ,06 August 2025,2,3.4,FALSE,No Action
FB000013,Bottoms,Ann Taylor,Spring,S,White, $37.00 ,0%, $37.00 ,04 January 2025,43,3.0,FALSE,No Action
FB000014,Dresses,Uniqlo,Fall,XS,Beige, $48.00 ,0%, $48.00 ,06 August 2025,39,1.6,FALSE,No Action
FB000015,Tops,Mango,Winter,M,Beige, $79.00 ,0%, $79.00 ,06 August 2025,7,1.7,FALSE,No Action
FB000016,Accessories,Mango,Winter,M,Green, $67.00 ,0%, $67.00 ,06 August 2025,17,2.4,FALSE,No Action
FB000017,Shoes,Gap,Summer,S,Beige, $123.00 ,0%, $123.00 ,06 August 2025,14,4.6,FALSE,No Action
FB000018,Tops,Ann Taylor,Winter,L,Navy, $102.00 ,0%, $102.00 ,06 August 2025,14,3.5,FALSE,No Action
FB000019,Outerwear,Mango,Summer,M,Purple, $137.00 ,58%, $57.00 ,06 August 2025,16,4.1,FALSE,No Action
FB000020,Outerwear,Banana Republic,Summer,XXL,Gray, $142.00 ,0%, $142.00 ,06 August 2025,1,3.7,FALSE,No Action
FB000021,Bottoms,Mango,Fall,L,Beige, $33.00 ,22%, $26.00 ,06 August 2025,42,3.0,FALSE,No Action
FB000022,Accessories,Zara,Spring,L,Brown, $62.00 ,0%, $62.00 ,24 September 2024,10,2.5,FALSE,No Action
FB000023,Accessories,Zara,Winter,L,Pink, $38.00 ,0%, $38.00 ,06 August 2025,46,1.2,FALSE,No Action
FB000024,Dresses,Banana Republic,Summer,XL,Green, $91.00 ,0%, $91.00 ,06 August 2025,37,1.2,TRUE,Size Issue
FB000025,Tops,Forever21,Fall,XS,Blue, $80.00 ,29%, $57.00 ,06 August 2025,38,3.6,FALSE,No Action
FB000026,Bottoms,Uniqlo,Spring,M,Red, $40.00 ,34%, $26.00 ,11 June 2025,16,3.7,FALSE,No Action
FB000027,Bottoms,Banana Republic,Summer,L,Red, $47.00 ,36%, $30.00 ,06 August 2025,25,1.1,TRUE,Damaged
FB000028,Bottoms,Gap,Summer,M,Blue, $53.00 ,0%, $53.00 ,06 August 2025,28,3.8,FALSE,No Action
FB000029,Dresses,Ann Taylor,Summer,L,White, $114.00 ,0%, $114.00 ,06 August 2025,6,1.2,FALSE,No Action
FB000030,Shoes,Gap,Spring,XL,Red, $77.00 ,0%, $77.00 ,24 October 2024,1,3.0,FALSE,No Action
FB000031,Shoes,Uniqlo,Summer,S,Red, $71.00 ,0%, $71.00 ,06 August 2025,37,4.1,TRUE,Quality Issue
FB000032,Tops,Gap,Spring,L,Purple, $37.00 ,24%, $28.00 ,16 April 2025,5,3.0,FALSE,No Action
FB000033,Shoes,Zara,Spring,XL,Purple, $143.00 ,0%, $143.00 ,16 October 2024,43,1.1,FALSE,No Action
FB000034,Tops,Banana Republic,Summer,XL,Gray, $88.00 ,0%, $88.00 ,06 August 2025,44,1.6,FALSE,No Action
FB000035,Accessories,Forever21,Fall,XL,Navy, $58.00 ,0%, $58.00 ,06 August 2025,38,1.5,FALSE,No Action
FB000036,Tops,Uniqlo,Winter,XXL,White, $119.00 ,6%, $112.00 ,06 August 2025,37,4.9,FALSE,No Action
FB000037,Bottoms,Banana Republic,Fall,XXL,Green, $97.00 ,48%, $50.00 ,06 August 2025,31,4.1,FALSE,No Action
FB000038,Dresses,Banana Republic,Summer,L,White, $110.00 ,0%, $110.00 ,06 August 2025,32,3.4,FALSE,No Action
FB000039,Shoes,Zara,Winter,XS,Green, $198.00 ,14%, $170.00 ,06 August 2025,10,3.0,FALSE,No Action
FB000040,Bottoms,Banana Republic,Winter,XS,Purple, $101.00 ,0%, $101.00 ,06 August 2025,40,3.0,FALSE,No Action
FB000041,Tops,Uniqlo,Summer,S,White, $117.00 ,0%, $117.00 ,06 August 2025,6,3.0,FALSE,No Action
FB000042,Tops,Ann Taylor,Summer,M,Green, $78.00 ,0%, $78.00 ,06 August 2025,22,4.3,FALSE,No Action
FB000043,Outerwear,Zara,Winter,XS,Navy, $216.00 ,51%, $105.00 ,06 August 2025,36,4.0,FALSE,No Action
FB000044,Shoes,Zara,Spring,XL,Pink, $129.00 ,0%, $129.00 ,25 April 2025,36,3.3,FALSE,No Action
FB000045,Tops,Banana Republic,Winter,XXL,Green, $111.00 ,0%, $111.00 ,06 August 2025,11,1.7,FALSE,No Action
FB000046,Dresses,Uniqlo,Summer,XL,Brown, $73.00 ,0%, $73.00 ,06 August 2025,33,3.6,FALSE,No Action
FB000047,Shoes,Mango,Summer,L,Pink, $147.00 ,30%, $102.00 ,06 August 2025,13,4.4,FALSE,No Action
FB000048,Accessories,Ann Taylor,Winter,L,Green, $44.00 ,54%, $20.00 ,06 August 2025,42,2.4,FALSE,No Action
FB000049,Bottoms,Forever21,Summer,XL,White, $101.00 ,0%, $101.00 ,06 August 2025,7,2.8,FALSE,No Action
FB000050,Accessories,Banana Republic,Summer,XL,Brown, $16.00 ,56%, $7.00 ,06 August 2025,43,3.0,FALSE,No Action
FB000051,Bottoms,H&M,Fall,M,Beige, $50.00 ,0%, $50.00 ,06 August 2025,3,1.8,FALSE,No Action
FB000052,Outerwear,Forever21,Spring,S,White, $222.00 ,0%, $222.00 ,03 May 2025,50,4.5,FALSE,No Action
FB000053,Shoes,Gap,Summer,S,Navy, $104.00 ,57%, $44.00 ,06 August 2025,14,1.8,FALSE,No Action
FB000054,Outerwear,Zara,Spring,S,White, $166.00 ,0%, $166.00 ,12 June 2025,21,4.2,FALSE,No Action
FB000055,Accessories,Banana Republic,Fall,S,Black, $44.00 ,51%, $21.00 ,06 August 2025,21,3.0,FALSE,No Action
FB000056,Outerwear,Gap,Summer,S,Green, $121.00 ,15%, $102.00 ,06 August 2025,42,3.0,FALSE,No Action
FB000057,Tops,H&M,Spring,S,Beige, $73.00 ,0%, $73.00 ,10 July 2025,35,3.9,TRUE,Quality Issue
FB000058,Bottoms,Zara,Spring,XL,Brown, $84.00 ,26%, $61.00 ,25 October 2024,19,2.3,TRUE,Size Issue
FB000059,Tops,Mango,Summer,XS,Black, $28.00 ,0%, $28.00 ,06 August 2025,39,1.4,FALSE,No Action
FB000060,Shoes,Mango,Winter,XXL,Blue, $166.00 ,3%, $162.00 ,06 August 2025,27,3.0,FALSE,No Action
FB000061,Shoes,Ann Taylor,Summer,M,White, $145.00 ,7%, $136.00 ,06 August 2025,15,4.0,FALSE,No Action
FB000062,Outerwear,Gap,Fall,M,Purple, $218.00 ,0%, $218.00 ,06 August 2025,33,4.4,TRUE,Changed Mind
FB000063,Accessories,Forever21,Winter,M,White, $46.00 ,1%, $45.00 ,06 August 2025,30,1.9,FALSE,No Action
FB000064,Shoes,H&M,Summer,M,Green, $106.00 ,18%, $87.00 ,06 August 2025,11,4.5,FALSE,No Action
FB000065,Tops,Zara,Winter,XS,Gray, $93.00 ,2%, $91.00 ,06 August 2025,20,4.2,FALSE,No Action
FB000066,Bottoms,Mango,Spring,XS,White, $86.00 ,22%, $67.00 ,01 June 2025,21,3.6,TRUE,Changed Mind
FB000067,Accessories,Ann Taylor,Summer,XS,Green, $55.00 ,0%, $55.00 ,06 August 2025,44,3.8,FALSE,No Action
FB000068,Tops,Forever21,Spring,XL,Black, $76.00 ,0%, $76.00 ,26 January 2025,17,4.6,FALSE,No Action
FB000069,Dresses,Forever21,Spring,XS,Green, $137.00 ,10%, $124.00 ,01 April 2025,17,3.0,FALSE,No Action
FB000070,Tops,Zara,Summer,XL,Purple, $48.00 ,20%, $39.00 ,06 August 2025,17,2.6,FALSE,No Action
FB000071,Shoes,Ann Taylor,Winter,XL,White, $69.00 ,0%, $69.00 ,06 August 2025,46,3.0,TRUE,Wrong Item
FB000072,Outerwear,Mango,Summer,XXL,Red, $199.00 ,7%, $184.00 ,06 August 2025,49,3.0,FALSE,No Action
FB000073,Outerwear,Banana Republic,Summer,M,White, $222.00 ,55%, $99.00 ,06 August 2025,21,4.5,FALSE,No Action
FB000074,Tops,Mango,Fall,XS,Red, $112.00 ,0%, $112.00 ,06 August 2025,8,2.9,FALSE,No Action
FB000075,Dresses,Mango,Spring,XS,Green, $100.00 ,0%, $100.00 ,10 May 2025,32,3.3,FALSE,No Action
FB000076,Outerwear,Gap,Spring,XL,Green, $243.00 ,48%, $126.00 ,14 October 2024,22,4.4,TRUE,Changed Mind
FB000077,Dresses,Mango,Spring,XXL,Red, $153.00 ,0%, $153.00 ,13 September 2024,43,2.9,FALSE,No Action
FB000078,Accessories,Uniqlo,Fall,XXL,Purple, $42.00 ,22%, $33.00 ,06 August 2025,7,1.9,TRUE,Size Issue
FB000079,Tops,H&M,Summer,S,Green, $30.00 ,0%, $30.00 ,06 August 2025,36,3.4,FALSE,No Action
FB000080,Accessories,Uniqlo,Fall,S,Brown, $59.00 ,0%, $59.00 ,06 August 2025,38,4.0,FALSE,No Action
FB000081,Tops,Banana Republic,Spring,S,Navy, $78.00 ,19%, $63.00 ,25 July 2025,23,3.0,FALSE,No Action
FB000082,Tops,Ann Taylor,Fall,M,White, $113.00 ,19%, $91.00 ,06 August 2025,15,4.9,FALSE,No Action
FB000083,Dresses,Ann Taylor,Winter,S,Blue, $174.00 ,0%, $174.00 ,06 August 2025,34,3.7,FALSE,No Action
FB000084,Shoes,Zara,Summer,XS,Purple, $191.00 ,0%, $191.00 ,06 August 2025,50,3.0,FALSE,No Action
FB000085,Outerwear,Ann Taylor,Spring,XL,Beige, $222.00 ,23%, $172.00 ,10 February 2025,50,3.0,FALSE,No Action
FB000086,Bottoms,Forever21,Winter,XS,Black, $37.00 ,12%, $33.00 ,06 August 2025,45,3.4,TRUE,Changed Mind
FB000087,Outerwear,Uniqlo,Summer,M,Gray, $241.00 ,0%, $241.00 ,06 August 2025,26,3.0,FALSE,No Action
FB000088,Dresses,Banana Republic,Spring,S,Navy, $136.00 ,0%, $136.00 ,25 October 2024,17,4.4,TRUE,Quality Issue
FB000089,Shoes,H&M,Spring,M,Blue, $113.00 ,55%, $50.00 ,29 December 2024,47,4.1,FALSE,No Action
FB000090,Bottoms,H&M,Summer,XXL,White, $93.00 ,40%, $55.00 ,06 August 2025,46,1.9,FALSE,No Action
FB000091,Shoes,Uniqlo,Spring,S,Navy, $106.00 ,6%, $99.00 ,09 September 2024,50,1.5,FALSE,No Action
FB000092,Accessories,Zara,Winter,S,Brown, $30.00 ,0%, $30.00 ,06 August 2025,27,3.1,TRUE,Changed Mind
FB000093,Shoes,Zara,Summer,S,Black, $76.00 ,50%, $38.00 ,06 August 2025,7,1.1,FALSE,No Action
FB000094,Bottoms,H&M,Fall,XS,Beige, $80.00 ,0%, $80.00 ,06 August 2025,26,3.0,FALSE,No Action
FB000095,Bottoms,Zara,Fall,XS,Beige, $32.00 ,52%, $15.00 ,06 August 2025,14,3.9,FALSE,No Action
FB000096,Accessories,Gap,Summer,XS,Black, $54.00 ,0%, $54.00 ,06 August 2025,12,4.5,FALSE,No Action
FB000097,Bottoms,H&M,Winter,M,Pink, $71.00 ,56%, $31.00 ,06 August 2025,12,3.4,FALSE,No Action
FB000098,Bottoms,Ann Taylor,Summer,XXL,Navy, $57.00 ,0%, $57.00 ,06 August 2025,36,3.5,FALSE,No Action
FB000099,Bottoms,Zara,Summer,XS,Green, $33.00 ,3%, $32.00 ,06 August 2025,40,1.3,FALSE,No Action
FB000100,Tops,Gap,Summer,L,Black, $91.00 ,0%, $91.00 ,06 August 2025,39,4.9,FALSE,No Action
FB000101,Bottoms,Zara,Fall,L,White, $60.00 ,20%, $48.00 ,06 August 2025,42,1.0,FALSE,No Action
FB000102,Dresses,Banana Republic,Winter,S,White, $163.00 ,0%, $163.00 ,06 August 2025,34,4.9,FALSE,No Action
FB000103,Dresses,Uniqlo,Spring,S,Beige, $126.00 ,0%, $126.00 ,08 November 2024,25,1.8,FALSE,No Action
FB000104,Bottoms,Uniqlo,Winter,L,Navy, $50.00 ,58%, $20.00 ,06 August 2025,32,4.8,FALSE,No Action
FB000105,Shoes,H&M,Winter,S,Red, $84.00 ,0%, $84.00 ,06 August 2025,10,3.9,FALSE,No Action
FB000106,Bottoms,Banana Republic,Spring,XL,Beige, $100.00 ,0%, $100.00 ,17 June 2025,21,2.8,FALSE,No Action
FB000107,Bottoms,Banana Republic,Summer,M,Beige, $38.00 ,0%, $38.00 ,06 August 2025,44,4.7,FALSE,No Action
FB000108,Bottoms,H&M,Fall,XL,Blue, $63.00 ,0%, $63.00 ,06 August 2025,41,3.0,FALSE,No Action
FB000109,Shoes,H&M,Fall,XS,Navy, $183.00 ,0%, $183.00 ,06 August 2025,23,4.1,FALSE,No Action
FB000110,Dresses,Zara,Winter,S,Gray, $91.00 ,60%, $36.00 ,06 August 2025,5,3.9,FALSE,No Action
FB000111,Outerwear,Uniqlo,Spring,L,Black, $92.00 ,0%, $92.00 ,20 July 2025,9,1.2,FALSE,No Action
FB000112,Accessories,Banana Republic,Winter,L,Brown, $34.00 ,0%, $34.00 ,06 August 2025,4,4.5,FALSE,No Action
FB000113,Dresses,H&M,Fall,S,Purple, $128.00 ,50%, $64.00 ,06 August 2025,28,3.2,FALSE,No Action
FB000114,Tops,Mango,Summer,XXL,Red, $99.00 ,34%, $65.00 ,06 August 2025,27,2.1,FALSE,No Action
FB000115,Bottoms,Forever21,Winter,S,Pink, $87.00 ,26%, $65.00 ,06 August 2025,8,2.3,FALSE,No Action
FB000116,Tops,Zara,Spring,XXL,Brown, $49.00 ,0%, $49.00 ,06 September 2024,37,2.3,FALSE,No Action
FB000117,Accessories,Uniqlo,Fall,XXL,Brown, $72.00 ,0%, $72.00 ,06 August 2025,48,3.0,TRUE,Wrong Item
FB000118,Dresses,Zara,Spring,M,Navy, $133.00 ,0%, $133.00 ,25 November 2024,12,1.7,FALSE,No Action
FB000119,Bottoms,Uniqlo,Winter,S,Black, $62.00 ,0%, $62.00 ,06 August 2025,49,3.0,FALSE,No Action
FB000120,Outerwear,Zara,Spring,L,Red, $248.00 ,0%, $248.00 ,04 July 2025,27,1.5,FALSE,No Action
FB000121,Shoes,Uniqlo,Fall,XXL,Navy, $61.00 ,0%, $61.00 ,06 August 2025,27,3.0,TRUE,Changed Mind
FB000122,Bottoms,Gap,Winter,S,Red, $109.00 ,0%, $109.00 ,06 August 2025,34,3.0,FALSE,No Action
FB000123,Outerwear,Zara,Winter,XXL,Purple, $82.00 ,46%, $44.00 ,06 August 2025,24,3.0,TRUE,Quality Issue
FB000124,Shoes,H&M,Summer,XS,Purple, $113.00 ,11%, $101.00 ,06 August 2025,40,2.8,FALSE,No Action
FB000125,Accessories,Uniqlo,Winter,XS,Brown, $38.00 ,52%, $18.00 ,06 August 2025,28,4.3,FALSE,No Action
FB000126,Dresses,Gap,Spring,XXL,Black, $53.00 ,46%, $28.00 ,14 January 2025,37,3.7,FALSE,No Action
FB000127,Shoes,Ann Taylor,Spring,XXL,Blue, $81.00 ,0%, $81.00 ,06 December 2024,50,1.1,FALSE,No Action
FB000128,Shoes,Ann Taylor,Spring,XXL,White, $125.00 ,22%, $98.00 ,06 September 2024,7,2.9,FALSE,No Action
FB000129,Outerwear,Ann Taylor,Spring,XS,Pink, $98.00 ,0%, $98.00 ,05 March 2025,1,2.6,FALSE,No Action
FB000130,Shoes,Gap,Fall,XS,Blue, $77.00 ,0%, $77.00 ,06 August 2025,36,3.4,FALSE,No Action
FB000131,Dresses,Banana Republic,Spring,XL,Purple, $79.00 ,0%, $79.00 ,16 November 2024,11,3.6,FALSE,No Action
FB000132,Bottoms,Mango,Spring,S,Green, $96.00 ,0%, $96.00 ,12 April 2025,13,4.2,FALSE,No Action
FB000133,Tops,Mango,Spring,XL,White, $116.00 ,0%, $116.00 ,04 November 2024,31,3.0,FALSE,No Action
FB000134,Accessories,Ann Taylor,Winter,XL,Blue, $57.00 ,27%, $42.00 ,06 August 2025,9,1.8,FALSE,No Action
FB000135,Tops,H&M,Spring,S,White, $110.00 ,0%, $110.00 ,13 January 2025,9,1.4,FALSE,No Action
FB000136,Tops,Gap,Spring,L,Black, $112.00 ,0%, $112.00 ,14 October 2024,50,3.6,TRUE,Quality Issue
FB000137,Tops,H&M,Summer,XS,Purple, $89.00 ,0%, $89.00 ,06 August 2025,24,4.3,TRUE,Damaged
FB000138,Outerwear,Forever21,Fall,M,Pink, $127.00 ,0%, $127.00 ,06 August 2025,16,3.0,FALSE,No Action
FB000139,Bottoms,Zara,Winter,XXL,Beige, $54.00 ,59%, $22.00 ,06 August 2025,50,3.5,FALSE,No Action
FB000140,Shoes,Uniqlo,Spring,L,White, $154.00 ,0%, $154.00 ,01 October 2024,31,4.1,TRUE,Size Issue
FB000141,Dresses,Ann Taylor,Spring,XS,Gray, $131.00 ,0%, $131.00 ,03 November 2024,5,3.0,FALSE,No Action
FB000142,Outerwear,Gap,Summer,M,Blue, $133.00 ,0%, $133.00 ,06 August 2025,29,1.3,FALSE,No Action
FB000143,Shoes,Forever21,Winter,XL,Red, $173.00 ,0%, $173.00 ,06 August 2025,21,3.0,FALSE,No Action
FB000144,Tops,H&M,Spring,L,Beige, $102.00 ,0%, $102.00 ,16 July 2025,41,3.9,FALSE,No Action
FB000145,Outerwear,Zara,Spring,L,Beige, $87.00 ,45%, $48.00 ,17 February 2025,34,1.8,FALSE,No Action
FB000146,Tops,Uniqlo,Winter,L,Beige, $91.00 ,16%, $77.00 ,06 August 2025,30,4.2,FALSE,No Action
FB000147,Tops,Zara,Winter,L,White, $107.00 ,25%, $80.00 ,06 August 2025,50,4.4,FALSE,No Action
FB000148,Bottoms,Banana Republic,Spring,XXL,Brown, $67.00 ,57%, $28.00 ,24 July 2025,50,4.6,FALSE,No Action
FB000149,Tops,Ann Taylor,Summer,M,Beige, $68.00 ,46%, $36.00 ,06 August 2025,3,2.5,FALSE,No Action
FB000150,Shoes,Banana Republic,Spring,L,Blue, $94.00 ,0%, $94.00 ,15 September 2024,18,1.7,FALSE,No Action
FB000151,Tops,Ann Taylor,Winter,XL,Gray, $94.00 ,0%, $94.00 ,06 August 2025,46,4.3,FALSE,No Action
FB000152,Shoes,Banana Republic,Winter,M,Navy, $65.00 ,11%, $58.00 ,06 August 2025,15,3.9,FALSE,No Action
FB000153,Dresses,Zara,Winter,XXL,Blue, $155.00 ,29%, $109.00 ,06 August 2025,5,3.6,FALSE,No Action
FB000154,Outerwear,Zara,Winter,L,Brown, $172.00 ,0%, $172.00 ,06 August 2025,1,2.1,FALSE,No Action
FB000155,Dresses,H&M,Summer,M,Blue, $68.00 ,0%, $68.00 ,06 August 2025,28,1.7,TRUE,Quality Issue
FB000156,Tops,Banana Republic,Spring,XL,Blue, $28.00 ,0%, $28.00 ,03 October 2024,21,3.0,FALSE,No Action
FB000157,Outerwear,H&M,Winter,XXL,Black, $110.00 ,28%, $79.00 ,06 August 2025,49,3.3,FALSE,No Action
FB000158,Shoes,Mango,Summer,XXL,Black, $194.00 ,0%, $194.00 ,06 August 2025,17,1.2,TRUE,Changed Mind
FB000159,Shoes,Gap,Fall,XS,Beige, $175.00 ,0%, $175.00 ,06 August 2025,4,2.8,FALSE,No Action
FB000160,Bottoms,Mango,Winter,XXL,Gray, $79.00 ,0%, $79.00 ,06 August 2025,30,4.4,FALSE,No Action
FB000161,Bottoms,H&M,Summer,M,Green, $111.00 ,0%, $111.00 ,06 August 2025,41,4.5,FALSE,No Action
FB000162,Accessories,Gap,Spring,M,Navy, $42.00 ,41%, $25.00 ,12 September 2024,18,2.6,FALSE,No Action
FB000163,Bottoms,Gap,Spring,XXL,Navy, $26.00 ,1%, $25.00 ,20 June 2025,35,5.0,FALSE,No Action
FB000164,Accessories,H&M,Spring,XXL,Green, $23.00 ,0%, $23.00 ,17 September 2024,2,1.4,FALSE,No Action
FB000165,Shoes,Zara,Winter,M,White, $168.00 ,0%, $168.00 ,06 August 2025,47,3.0,TRUE,Damaged
FB000166,Shoes,Gap,Fall,XL,Green, $99.00 ,0%, $99.00 ,06 August 2025,33,3.0,TRUE,Quality Issue
FB000167,Accessories,Mango,Spring,XL,Black, $53.00 ,0%, $53.00 ,19 December 2024,40,2.8,FALSE,No Action
FB000168,Accessories,Ann Taylor,Summer,XL,Gray, $69.00 ,18%, $57.00 ,06 August 2025,34,4.2,TRUE,Color Mismatch
FB000169,Dresses,Forever21,Fall,XXL,Gray, $60.00 ,21%, $47.00 ,06 August 2025,4,3.6,FALSE,No Action
FB000170,Shoes,Banana Republic,Winter,XXL,Red, $113.00 ,0%, $113.00 ,06 August 2025,33,4.9,TRUE,Wrong Item
FB000171,Bottoms,Ann Taylor,Fall,XS,Brown, $54.00 ,2%, $53.00 ,06 August 2025,40,2.5,FALSE,No Action
FB000172,Tops,Zara,Winter,XS,Red, $92.00 ,0%, $92.00 ,06 August 2025,13,2.8,TRUE,Damaged
FB000173,Accessories,Ann Taylor,Winter,XS,White, $54.00 ,0%, $54.00 ,06 August 2025,47,4.6,FALSE,No Action
FB000174,Shoes,Banana Republic,Winter,XL,Red, $104.00 ,0%, $104.00 ,06 August 2025,41,3.4,FALSE,No Action
FB000175,Dresses,Ann Taylor,Spring,M,Gray, $45.00 ,0%, $45.00 ,28 August 2024,37,3.2,TRUE,Quality Issue
FB000176,Tops,Ann Taylor,Summer,XXL,Black, $28.00 ,0%, $28.00 ,06 August 2025,4,4.4,FALSE,No Action
FB000177,Outerwear,Uniqlo,Winter,M,Gray, $204.00 ,0%, $204.00 ,06 August 2025,5,3.3,FALSE,No Action
FB000178,Shoes,Mango,Fall,XXL,Pink, $190.00 ,20%, $152.00 ,06 August 2025,47,3.0,FALSE,No Action
FB000179,Tops,Forever21,Winter,XS,Brown, $33.00 ,39%, $20.00 ,06 August 2025,16,3.7,FALSE,No Action
FB000180,Accessories,Banana Republic,Spring,XS,Blue, $47.00 ,40%, $28.00 ,03 December 2024,18,1.3,FALSE,No Action
FB000181,Outerwear,H&M,Spring,XS,Red, $137.00 ,0%, $137.00 ,26 September 2024,34,3.2,FALSE,No Action
FB000182,Tops,Gap,Fall,M,Navy, $108.00 ,0%, $108.00 ,06 August 2025,7,3.3,FALSE,No Action
FB000183,Tops,Banana Republic,Winter,XL,Green, $106.00 ,0%, $106.00 ,06 August 2025,23,4.0,FALSE,No Action
FB000184,Tops,Mango,Winter,XXL,Pink, $114.00 ,0%, $114.00 ,06 August 2025,48,1.1,FALSE,No Action
FB000185,Dresses,Zara,Fall,L,Blue, $121.00 ,0%, $121.00 ,06 August 2025,9,1.5,FALSE,No Action
FB000186,Bottoms,Zara,Summer,XXL,Black, $74.00 ,4%, $71.00 ,06 August 2025,37,1.7,FALSE,No Action
FB000187,Tops,Gap,Fall,M,Blue, $92.00 ,36%, $59.00 ,06 August 2025,20,3.0,FALSE,No Action
FB000188,Tops,Uniqlo,Summer,XXL,Beige, $34.00 ,0%, $34.00 ,06 August 2025,39,4.5,FALSE,No Action
FB000189,Dresses,Zara,Summer,L,Pink, $173.00 ,0%, $173.00 ,06 August 2025,47,4.2,FALSE,No Action
FB000190,Bottoms,Uniqlo,Spring,XXL,Brown, $66.00 ,0%, $66.00 ,04 October 2024,32,2.1,FALSE,No Action
FB000191,Bottoms,Uniqlo,Fall,XXL,Blue, $72.00 ,7%, $67.00 ,06 August 2025,10,1.8,FALSE,No Action
FB000192,Tops,Ann Taylor,Fall,S,Black, $81.00 ,0%, $81.00 ,06 August 2025,3,1.5,FALSE,No Action
FB000193,Outerwear,Gap,Summer,XXL,Red, $104.00 ,12%, $91.00 ,06 August 2025,42,3.0,FALSE,No Action
FB000194,Dresses,Gap,Winter,XL,Pink, $57.00 ,13%, $50.00 ,06 August 2025,12,4.1,FALSE,No Action
FB000195,Shoes,Banana Republic,Summer,XXL,Gray, $142.00 ,0%, $142.00 ,06 August 2025,25,4.8,TRUE,Quality Issue
FB000196,Dresses,Zara,Fall,XXL,Green, $162.00 ,29%, $114.00 ,06 August 2025,41,4.0,TRUE,Quality Issue
FB000197,Bottoms,Ann Taylor,Spring,XXL,Red, $32.00 ,52%, $15.00 ,23 November 2024,27,3.0,FALSE,No Action
FB000198,Shoes,Uniqlo,Fall,L,Black, $162.00 ,43%, $93.00 ,06 August 2025,22,4.8,FALSE,No Action
FB000199,Tops,Banana Republic,Fall,M,Gray, $77.00 ,58%, $32.00 ,06 August 2025,23,4.0,FALSE,No Action
FB000200,Tops,H&M,Fall,XXL,Blue, $103.00 ,56%, $45.00 ,06 August 2025,4,4.7,FALSE,No Action
FB000201,Bottoms,Zara,Spring,XS,Green, $42.00 ,33%, $28.00 ,23 November 2024,18,3.0,FALSE,No Action
FB000202,Shoes,Zara,Summer,XL,Green, $144.00 ,17%, $120.00 ,06 August 2025,32,2.0,FALSE,No Action
FB000203,Shoes,Banana Republic,Summer,XS,Black, $93.00 ,24%, $70.00 ,06 August 2025,10,3.5,TRUE,Changed Mind
FB000204,Outerwear,H&M,Summer,S,Red, $119.00 ,0%, $119.00 ,06 August 2025,20,1.1,FALSE,No Action
FB000205,Accessories,Forever21,Summer,S,Gray, $42.00 ,51%, $20.00 ,06 August 2025,43,2.3,TRUE,Wrong Item
FB000206,Accessories,Banana Republic,Winter,S,Red, $54.00 ,0%, $54.00 ,06 August 2025,12,2.7,FALSE,No Action
FB000207,Tops,Mango,Spring,M,Green, $66.00 ,36%, $42.00 ,28 September 2024,44,1.9,TRUE,Quality Issue
FB000208,Tops,Ann Taylor,Spring,XL,Beige, $116.00 ,9%, $106.00 ,29 April 2025,33,1.6,FALSE,No Action
FB000209,Tops,Forever21,Fall,XXL,Pink, $111.00 ,0%, $111.00 ,06 August 2025,49,1.6,FALSE,No Action
FB000210,Tops,Banana Republic,Fall,XS,Blue, $59.00 ,0%, $59.00 ,06 August 2025,40,2.1,FALSE,No Action
FB000211,Tops,Ann Taylor,Spring,S,Gray, $25.00 ,17%, $21.00 ,23 May 2025,32,3.0,FALSE,No Action
FB000212,Tops,Zara,Spring,M,Black, $82.00 ,0%, $82.00 ,17 July 2025,46,1.5,FALSE,No Action
FB000213,Tops,Uniqlo,Spring,L,Blue, $99.00 ,0%, $99.00 ,21 August 2024,23,1.4,FALSE,No Action
FB000214,Accessories,Banana Republic,Fall,L,Black, $69.00 ,0%, $69.00 ,06 August 2025,11,3.3,TRUE,Changed Mind
FB000215,Bottoms,H&M,Summer,XXL,Green, $57.00 ,0%, $57.00 ,06 August 2025,12,2.5,FALSE,No Action
FB000216,Tops,H&M,Summer,XXL,Red, $58.00 ,0%, $58.00 ,06 August 2025,4,1.1,FALSE,No Action
FB000217,Outerwear,Uniqlo,Fall,XL,Pink, $110.00 ,0%, $110.00 ,06 August 2025,4,1.6,FALSE,No Action
FB000218,Tops,Zara,Summer,XXL,Pink, $69.00 ,0%, $69.00 ,06 August 2025,25,3.0,FALSE,No Action
FB000219,Bottoms,Zara,Winter,S,Black, $87.00 ,0%, $87.00 ,06 August 2025,39,4.3,FALSE,No Action
FB000220,Dresses,Zara,Winter,XXL,Brown, $160.00 ,18%, $131.00 ,06 August 2025,41,3.0,FALSE,No Action
FB000221,Outerwear,H&M,Spring,XS,Purple, $167.00 ,0%, $167.00 ,30 January 2025,26,2.6,TRUE,Size Issue
FB000222,Tops,Zara,Summer,XXL,Gray, $26.00 ,0%, $26.00 ,06 August 2025,32,4.6,TRUE,Damaged
FB000223,Outerwear,H&M,Summer,XL,Brown, $246.00 ,0%, $246.00 ,06 August 2025,17,2.9,TRUE,Damaged
FB000224,Outerwear,Forever21,Summer,S,Red, $206.00 ,0%, $206.00 ,06 August 2025,34,2.3,FALSE,No Action
FB000225,Dresses,Gap,Winter,XL,Black, $85.00 ,0%, $85.00 ,06 August 2025,29,3.0,FALSE,No Action
FB000226,Outerwear,Forever21,Spring,XXL,White, $240.00 ,55%, $108.00 ,27 December 2024,3,4.5,FALSE,No Action
FB000227,Dresses,Uniqlo,Fall,XXL,Red, $130.00 ,1%, $128.00 ,06 August 2025,0,5.0,FALSE,No Action
FB000228,Bottoms,H&M,Spring,XS,Black, $42.00 ,16%, $35.00 ,02 November 2024,11,1.6,FALSE,No Action
FB000229,Outerwear,H&M,Spring,S,Beige, $191.00 ,0%, $191.00 ,10 October 2024,18,1.2,FALSE,No Action
FB000230,Accessories,Ann Taylor,Spring,S,Beige, $42.00 ,0%, $42.00 ,14 July 2025,15,3.0,FALSE,No Action
FB000231,Shoes,H&M,Summer,S,Gray, $109.00 ,0%, $109.00 ,06 August 2025,16,4.3,FALSE,No Action
FB000232,Accessories,Mango,Summer,S,Red, $76.00 ,43%, $43.00 ,06 August 2025,24,3.0,FALSE,No Action
FB000233,Dresses,Forever21,Winter,S,Black, $56.00 ,22%, $43.00 ,06 August 2025,37,2.5,TRUE,Wrong Item
FB000234,Tops,Gap,Fall,S,Beige, $88.00 ,0%, $88.00 ,06 August 2025,24,4.4,FALSE,No Action
FB000235,Tops,Gap,Spring,S,Black, $25.00 ,0%, $25.00 ,04 October 2024,2,1.4,FALSE,No Action
FB000236,Bottoms,Zara,Spring,XXL,Red, $60.00 ,0%, $60.00 ,16 August 2024,25,4.1,FALSE,No Action
FB000237,Accessories,H&M,Fall,XXL,Red, $52.00 ,19%, $42.00 ,06 August 2025,4,3.0,FALSE,No Action
FB000238,Accessories,Mango,Fall,XXL,White, $67.00 ,0%, $67.00 ,06 August 2025,14,1.8,FALSE,No Action
FB000239,Shoes,Forever21,Spring,L,Brown, $136.00 ,0%, $136.00 ,01 August 2025,46,4.5,FALSE,No Action
FB000240,Shoes,Zara,Fall,L,Brown, $74.00 ,0%, $74.00 ,06 August 2025,24,3.7,FALSE,No Action
FB000241,Dresses,Forever21,Fall,XS,Pink, $101.00 ,0%, $101.00 ,06 August 2025,33,2.4,TRUE,Size Issue
FB000242,Dresses,Forever21,Fall,XXL,Green, $169.00 ,42%, $98.00 ,06 August 2025,43,4.6,FALSE,No Action
FB000243,Accessories,Forever21,Winter,XXL,Purple, $52.00 ,0%, $52.00 ,06 August 2025,34,2.1,FALSE,No Action
FB000244,Shoes,Uniqlo,Summer,XXL,Pink, $153.00 ,48%, $80.00 ,06 August 2025,12,3.1,FALSE,No Action
FB000245,Bottoms,Mango,Fall,M,Brown, $32.00 ,50%, $16.00 ,06 August 2025,46,1.3,FALSE,No Action
FB000246,Outerwear,Uniqlo,Fall,L,Navy, $104.00 ,55%, $47.00 ,06 August 2025,42,4.2,FALSE,No Action
FB000247,Dresses,Forever21,Summer,M,Gray, $80.00 ,51%, $39.00 ,06 August 2025,45,3.0,FALSE,No Action
FB000248,Bottoms,Banana Republic,Spring,M,Black, $72.00 ,0%, $72.00 ,08 May 2025,20,3.0,TRUE,Color Mismatch
FB000249,Outerwear,Zara,Fall,M,Green, $220.00 ,0%, $220.00 ,06 August 2025,42,3.6,FALSE,No Action
FB000250,Outerwear,Uniqlo,Fall,XS,Black, $117.00 ,15%, $100.00 ,06 August 2025,33,3.0,TRUE,Size Issue
FB000251,Outerwear,Banana Republic,Spring,L,Navy, $198.00 ,49%, $101.00 ,26 April 2025,36,3.0,FALSE,No Action
FB000252,Outerwear,H&M,Fall,L,Black, $121.00 ,0%, $121.00 ,06 August 2025,14,1.6,TRUE,Changed Mind
FB000253,Tops,H&M,Fall,L,White, $88.00 ,0%, $88.00 ,06 August 2025,48,2.4,FALSE,No Action
FB000254,Shoes,H&M,Summer,XL,Green, $88.00 ,0%, $88.00 ,06 August 2025,29,3.9,FALSE,No Action
FB000255,Bottoms,Zara,Winter,S,Black, $115.00 ,18%, $95.00 ,06 August 2025,32,1.7,FALSE,No Action
FB000256,Bottoms,Forever21,Fall,XXL,Black, $75.00 ,0%, $75.00 ,06 August 2025,20,3.0,FALSE,No Action
FB000257,Accessories,Ann Taylor,Winter,XXL,Green, $42.00 ,0%, $42.00 ,06 August 2025,26,4.0,FALSE,No Action
FB000258,Outerwear,H&M,Spring,XXL,Beige, $247.00 ,4%, $237.00 ,25 December 2024,25,4.6,FALSE,No Action
FB000259,Shoes,Banana Republic,Spring,XL,Beige, $143.00 ,0%, $143.00 ,27 September 2024,39,3.0,TRUE,Quality Issue
FB000260,Accessories,Banana Republic,Winter,XL,Beige, $24.00 ,45%, $13.00 ,06 August 2025,44,3.0,FALSE,No Action
FB000261,Outerwear,Forever21,Summer,XL,Navy, $109.00 ,0%, $109.00 ,06 August 2025,45,1.9,FALSE,No Action
FB000262,Dresses,H&M,Summer,XL,Blue, $161.00 ,0%, $161.00 ,06 August 2025,44,1.6,FALSE,No Action
FB000263,Outerwear,Banana Republic,Spring,XXL,Brown, $220.00 ,9%, $199.00 ,27 June 2025,23,4.8,FALSE,No Action
FB000264,Dresses,Forever21,Summer,S,Pink, $57.00 ,0%, $57.00 ,06 August 2025,23,2.0,FALSE,No Action
FB000265,Bottoms,Zara,Fall,XXL,Blue, $108.00 ,0%, $108.00 ,06 August 2025,8,2.3,FALSE,No Action
FB000266,Accessories,Banana Republic,Summer,XXL,Gray, $67.00 ,0%, $67.00 ,06 August 2025,22,4.6,FALSE,No Action
FB000267,Dresses,Zara,Winter,XS,Blue, $168.00 ,0%, $168.00 ,06 August 2025,9,3.0,FALSE,No Action
FB000268,Tops,Ann Taylor,Fall,S,White, $90.00 ,0%, $90.00 ,06 August 2025,33,4.2,FALSE,No Action
FB000269,Accessories,Mango,Spring,S,Green, $72.00 ,0%, $72.00 ,29 December 2024,38,3.0,TRUE,Color Mismatch
FB000270,Bottoms,H&M,Winter,S,Beige, $27.00 ,0%, $27.00 ,06 August 2025,0,3.0,FALSE,No Action
FB000271,Dresses,Forever21,Summer,S,Navy, $92.00 ,0%, $92.00 ,06 August 2025,15,1.4,FALSE,No Action
FB000272,Bottoms,Mango,Summer,XXL,White, $64.00 ,0%, $64.00 ,06 August 2025,46,3.0,FALSE,No Action
FB000273,Dresses,Ann Taylor,Fall,M,Black, $133.00 ,0%, $133.00 ,06 August 2025,35,1.9,FALSE,No Action
FB000274,Tops,Gap,Winter,XXL,Brown, $70.00 ,0%, $70.00 ,06 August 2025,0,3.0,FALSE,No Action
FB000275,Outerwear,Uniqlo,Summer,XL,Pink, $199.00 ,0%, $199.00 ,06 August 2025,8,4.4,FALSE,No Action
FB000276,Bottoms,H&M,Summer,L,Navy, $62.00 ,37%, $39.00 ,06 August 2025,6,4.1,FALSE,No Action
FB000277,Shoes,Uniqlo,Summer,XS,Black, $71.00 ,0%, $71.00 ,06 August 2025,45,4.0,FALSE,No Action
FB000278,Dresses,Zara,Winter,XS,Blue, $89.00 ,0%, $89.00 ,06 August 2025,50,4.3,FALSE,No Action
FB000279,Outerwear,Mango,Spring,XXL,Gray, $161.00 ,10%, $145.00 ,30 March 2025,42,3.0,FALSE,No Action
FB000280,Accessories,Uniqlo,Winter,XXL,White, $46.00 ,0%, $46.00 ,06 August 2025,29,4.8,FALSE,No Action
FB000281,Accessories,Zara,Fall,XXL,Pink, $74.00 ,0%, $74.00 ,06 August 2025,22,1.7,FALSE,No Action
FB000282,Bottoms,Uniqlo,Fall,S,Brown, $99.00 ,0%, $99.00 ,06 August 2025,13,5.0,FALSE,No Action
FB000283,Shoes,Forever21,Fall,XS,Purple, $112.00 ,23%, $86.00 ,06 August 2025,37,1.0,FALSE,No Action
FB000284,Tops,Banana Republic,Summer,S,Black, $95.00 ,39%, $58.00 ,06 August 2025,6,3.0,TRUE,Damaged
FB000285,Shoes,Ann Taylor,Winter,M,Green, $157.00 ,0%, $157.00 ,06 August 2025,38,2.4,FALSE,No Action
FB000286,Accessories,Zara,Fall,M,Red, $60.00 ,14%, $51.00 ,06 August 2025,38,5.0,FALSE,No Action
FB000287,Outerwear,Mango,Winter,XL,Pink, $169.00 ,0%, $169.00 ,06 August 2025,16,1.7,FALSE,No Action
FB000288,Dresses,Uniqlo,Fall,S,Pink, $175.00 ,0%, $175.00 ,06 August 2025,0,4.6,FALSE,No Action
FB000289,Shoes,Mango,Summer,S,Brown, $169.00 ,0%, $169.00 ,06 August 2025,5,2.7,FALSE,No Action
FB000290,Accessories,H&M,Summer,S,Red, $51.00 ,24%, $39.00 ,06 August 2025,50,3.7,FALSE,No Action
FB000291,Tops,Mango,Fall,M,Black, $83.00 ,0%, $83.00 ,06 August 2025,22,2.3,FALSE,No Action
FB000292,Outerwear,Ann Taylor,Winter,XS,Purple, $176.00 ,0%, $176.00 ,06 August 2025,12,4.6,FALSE,No Action
FB000293,Bottoms,Mango,Fall,M,Blue, $69.00 ,0%, $69.00 ,06 August 2025,18,3.9,FALSE,No Action
FB000294,Shoes,Zara,Spring,S,Purple, $117.00 ,0%, $117.00 ,23 December 2024,34,3.3,FALSE,No Action
FB000295,Shoes,Banana Republic,Fall,M,Purple, $96.00 ,36%, $61.00 ,06 August 2025,45,3.5,FALSE,No Action
FB000296,Shoes,Zara,Spring,XXL,Red, $80.00 ,0%, $80.00 ,31 March 2025,10,5.0,FALSE,No Action
FB000297,Accessories,Gap,Summer,XXL,Pink, $55.00 ,13%, $47.00 ,06 August 2025,17,3.9,FALSE,No Action
FB000298,Dresses,Mango,Fall,S,Pink, $165.00 ,50%, $82.00 ,06 August 2025,17,3.2,TRUE,Damaged
FB000299,Dresses,Gap,Summer,XXL,Red, $82.00 ,0%, $82.00 ,06 August 2025,20,4.0,FALSE,No Action
FB000300,Outerwear,Banana Republic,Spring,S,Purple, $222.00 ,7%, $208.00 ,19 December 2024,29,2.1,FALSE,No Action
FB000301,Tops,Mango,Winter,L,Gray, $107.00 ,0%, $107.00 ,06 August 2025,33,3.0,TRUE,Wrong Item
FB000302,Shoes,H&M,Fall,XXL,Gray, $85.00 ,0%, $85.00 ,06 August 2025,30,3.0,FALSE,No Action
FB000303,Bottoms,Mango,Summer,XL,Green, $34.00 ,5%, $32.00 ,06 August 2025,49,4.5,FALSE,No Action
FB000304,Bottoms,Mango,Winter,XL,Black, $111.00 ,42%, $64.00 ,06 August 2025,34,3.0,FALSE,No Action
FB000305,Tops,Zara,Spring,XXL,Pink, $39.00 ,35%, $25.00 ,22 January 2025,15,2.3,FALSE,No Action
FB000306,Shoes,Forever21,Summer,M,White, $60.00 ,0%, $60.00 ,06 August 2025,4,3.0,FALSE,No Action
FB000307,Accessories,Gap,Summer,M,Blue, $17.00 ,0%, $17.00 ,06 August 2025,42,3.9,FALSE,No Action
FB000308,Bottoms,Mango,Summer,M,White, $57.00 ,0%, $57.00 ,06 August 2025,39,3.0,FALSE,No Action
FB000309,Tops,Mango,Summer,S,Blue, $25.00 ,0%, $25.00 ,06 August 2025,34,2.6,FALSE,No Action
FB000310,Outerwear,Mango,Spring,L,Purple, $157.00 ,0%, $157.00 ,26 May 2025,7,2.9,FALSE,No Action
FB000311,Bottoms,H&M,Winter,L,Purple, $65.00 ,9%, $59.00 ,06 August 2025,10,2.8,TRUE,Quality Issue
FB000312,Dresses,Forever21,Winter,XXL,Brown, $92.00 ,0%, $92.00 ,06 August 2025,25,2.5,FALSE,No Action
FB000313,Dresses,Banana Republic,Winter,XL,Blue, $88.00 ,0%, $88.00 ,06 August 2025,11,3.3,FALSE,No Action
FB000314,Tops,Zara,Winter,XXL,Beige, $47.00 ,57%, $20.00 ,06 August 2025,24,1.3,TRUE,Size Issue
FB000315,Outerwear,Ann Taylor,Summer,XS,Red, $101.00 ,0%, $101.00 ,06 August 2025,7,3.1,FALSE,No Action
FB000316,Dresses,Mango,Spring,XS,Blue, $131.00 ,8%, $121.00 ,04 December 2024,20,4.5,TRUE,Wrong Item
FB000317,Tops,Zara,Fall,XS,Black, $82.00 ,26%, $60.00 ,06 August 2025,32,1.5,FALSE,No Action
FB000318,Dresses,H&M,Summer,L,Purple, $66.00 ,0%, $66.00 ,06 August 2025,47,3.9,FALSE,No Action
FB000319,Accessories,Uniqlo,Fall,L,Green, $26.00 ,0%, $26.00 ,06 August 2025,15,3.8,FALSE,No Action
FB000320,Shoes,Uniqlo,Spring,S,Beige, $152.00 ,0%, $152.00 ,21 November 2024,24,4.2,FALSE,No Action
FB000321,Bottoms,Mango,Fall,S,Beige, $26.00 ,16%, $21.00 ,06 August 2025,13,2.3,FALSE,No Action
FB000322,Dresses,Uniqlo,Winter,XXL,Blue, $89.00 ,11%, $79.00 ,06 August 2025,27,3.3,FALSE,No Action
FB000323,Bottoms,H&M,Spring,XXL,White, $106.00 ,0%, $106.00 ,06 April 2025,37,4.9,FALSE,No Action
FB000324,Dresses,Mango,Fall,XL,White, $80.00 ,37%, $51.00 ,06 August 2025,16,2.5,FALSE,No Action
FB000325,Outerwear,Banana Republic,Summer,M,Navy, $169.00 ,50%, $84.00 ,06 August 2025,21,3.0,TRUE,Quality Issue
FB000326,Dresses,Forever21,Fall,M,Green, $159.00 ,9%, $145.00 ,06 August 2025,43,4.5,FALSE,No Action
FB000327,Bottoms,Forever21,Winter,S,Black, $106.00 ,46%, $56.00 ,06 August 2025,17,3.0,FALSE,No Action
FB000328,Accessories,Gap,Spring,S,Black, $78.00 ,45%, $43.00 ,13 September 2024,34,1.4,FALSE,No Action
FB000329,Outerwear,Uniqlo,Summer,XS,Gray, $117.00 ,30%, $82.00 ,06 August 2025,43,1.2,FALSE,No Action
FB000330,Accessories,Gap,Spring,XS,Beige, $76.00 ,0%, $76.00 ,13 June 2025,21,4.3,FALSE,No Action
FB000331,Outerwear,Gap,Summer,L,White, $232.00 ,0%, $232.00 ,06 August 2025,31,1.3,TRUE,Changed Mind
FB000332,Dresses,Forever21,Fall,XS,Navy, $80.00 ,52%, $38.00 ,06 August 2025,7,1.2,FALSE,No Action
FB000333,Bottoms,Mango,Summer,XL,Black, $102.00 ,0%, $102.00 ,06 August 2025,50,3.6,FALSE,No Action
FB000334,Accessories,Zara,Spring,XL,Navy, $48.00 ,0%, $48.00 ,09 May 2025,46,3.0,FALSE,No Action
FB000335,Bottoms,Mango,Fall,XL,Pink, $88.00 ,0%, $88.00 ,06 August 2025,1,1.4,FALSE,No Action
FB000336,Shoes,Mango,Winter,S,Black, $112.00 ,0%, $112.00 ,06 August 2025,11,4.3,FALSE,No Action
FB000337,Bottoms,Zara,Fall,XXL,Gray, $97.00 ,11%, $87.00 ,06 August 2025,25,2.4,FALSE,No Action
FB000338,Outerwear,H&M,Summer,M,Pink, $114.00 ,37%, $72.00 ,06 August 2025,33,1.5,FALSE,No Action
FB000339,Bottoms,Zara,Winter,XS,Brown, $27.00 ,0%, $27.00 ,06 August 2025,0,1.5,FALSE,No Action
FB000340,Shoes,Ann Taylor,Spring,XL,Blue, $82.00 ,41%, $48.00 ,23 May 2025,43,2.5,TRUE,Quality Issue
FB000341,Bottoms,Mango,Summer,S,Black, $116.00 ,41%, $69.00 ,06 August 2025,23,1.2,FALSE,No Action
FB000342,Bottoms,Ann Taylor,Spring,M,White, $95.00 ,0%, $95.00 ,10 June 2025,47,4.7,TRUE,Quality Issue
FB000343,Shoes,Mango,Fall,M,White, $70.00 ,0%, $70.00 ,06 August 2025,12,2.4,FALSE,No Action
FB000344,Shoes,Banana Republic,Winter,S,Gray, $112.00 ,54%, $51.00 ,06 August 2025,17,4.0,FALSE,No Action
FB000345,Accessories,Zara,Summer,S,Purple, $26.00 ,1%, $26.00 ,06 August 2025,25,1.2,TRUE,Color Mismatch
FB000346,Tops,H&M,Summer,L,Blue, $50.00 ,0%, $50.00 ,06 August 2025,47,4.0,FALSE,No Action
FB000347,Bottoms,Mango,Spring,XS,Green, $92.00 ,4%, $88.00 ,13 January 2025,0,3.0,TRUE,Size Issue
FB000348,Tops,Uniqlo,Summer,XXL,Gray, $114.00 ,0%, $114.00 ,06 August 2025,47,3.8,TRUE,Changed Mind
FB000349,Accessories,Gap,Summer,XXL,Purple, $21.00 ,29%, $15.00 ,06 August 2025,35,2.0,FALSE,No Action
FB000350,Dresses,Zara,Spring,XS,Navy, $100.00 ,47%, $53.00 ,01 February 2025,30,3.0,FALSE,No Action
FB000351,Accessories,Forever21,Summer,XS,Brown, $47.00 ,16%, $39.00 ,06 August 2025,33,1.7,FALSE,No Action
FB000352,Bottoms,H&M,Summer,XL,Brown, $113.00 ,0%, $113.00 ,06 August 2025,8,2.7,FALSE,No Action
FB000353,Dresses,Banana Republic,Spring,XS,Black, $163.00 ,0%, $163.00 ,23 April 2025,24,2.5,FALSE,No Action
FB000354,Accessories,Uniqlo,Fall,XS,Black, $44.00 ,0%, $44.00 ,06 August 2025,21,3.0,FALSE,No Action
FB000355,Dresses,Forever21,Summer,L,Red, $166.00 ,0%, $166.00 ,06 August 2025,28,1.7,FALSE,No Action
FB000356,Shoes,Banana Republic,Summer,XL,Pink, $144.00 ,0%, $144.00 ,06 August 2025,21,2.5,FALSE,No Action
FB000357,Accessories,Mango,Fall,XL,Navy, $31.00 ,0%, $31.00 ,06 August 2025,29,1.9,FALSE,No Action
FB000358,Accessories,Forever21,Winter,XL,Pink, $68.00 ,29%, $48.00 ,06 August 2025,4,3.5,FALSE,No Action
FB000359,Dresses,Forever21,Summer,L,Red, $73.00 ,56%, $31.00 ,06 August 2025,15,3.0,TRUE,Changed Mind
FB000360,Tops,H&M,Spring,L,Purple, $95.00 ,0%, $95.00 ,09 February 2025,13,4.1,FALSE,No Action
FB000361,Tops,Gap,Winter,XS,Purple, $104.00 ,0%, $104.00 ,06 August 2025,42,2.0,FALSE,No Action
FB000362,Bottoms,Gap,Spring,XXL,Beige, $97.00 ,0%, $97.00 ,29 July 2025,42,4.5,FALSE,No Action
FB000363,Shoes,Mango,Winter,L,White, $83.00 ,40%, $50.00 ,06 August 2025,5,3.4,FALSE,No Action
FB000364,Outerwear,Uniqlo,Fall,S,Beige, $86.00 ,0%, $86.00 ,06 August 2025,28,2.7,FALSE,No Action
FB000365,Bottoms,Banana Republic,Summer,S,White, $104.00 ,29%, $74.00 ,06 August 2025,23,3.1,FALSE,No Action
FB000366,Accessories,Uniqlo,Fall,S,Green, $41.00 ,0%, $41.00 ,06 August 2025,18,3.2,FALSE,No Action
FB000367,Outerwear,Banana Republic,Spring,L,White, $80.00 ,0%, $80.00 ,16 April 2025,34,1.8,FALSE,No Action
FB000368,Tops,Ann Taylor,Fall,L,White, $97.00 ,0%, $97.00 ,06 August 2025,16,3.0,FALSE,No Action
FB000369,Bottoms,Gap,Fall,XL,Beige, $77.00 ,35%, $50.00 ,06 August 2025,14,2.3,FALSE,No Action
FB000370,Accessories,H&M,Fall,XL,Red, $36.00 ,38%, $22.00 ,06 August 2025,49,4.0,TRUE,Changed Mind
FB000371,Outerwear,Banana Republic,Winter,XXL,Green, $181.00 ,20%, $144.00 ,06 August 2025,17,3.0,TRUE,Size Issue
FB000372,Outerwear,Zara,Spring,XL,Black, $158.00 ,0%, $158.00 ,15 February 2025,33,3.0,FALSE,No Action
FB000373,Shoes,Forever21,Summer,XXL,Purple, $91.00 ,0%, $91.00 ,06 August 2025,48,3.9,FALSE,No Action
FB000374,Shoes,Zara,Winter,S,Brown, $140.00 ,55%, $62.00 ,06 August 2025,5,4.4,FALSE,No Action
FB000375,Tops,Uniqlo,Spring,XL,Red, $26.00 ,0%, $26.00 ,23 February 2025,9,4.0,FALSE,No Action
FB000376,Tops,Forever21,Winter,XL,Blue, $51.00 ,10%, $46.00 ,06 August 2025,34,1.1,FALSE,No Action
FB000377,Outerwear,Gap,Fall,XS,Red, $132.00 ,0%, $132.00 ,06 August 2025,36,1.2,FALSE,No Action
FB000378,Accessories,Gap,Fall,XS,Purple, $16.00 ,0%, $16.00 ,06 August 2025,17,3.0,FALSE,No Action
FB000379,Bottoms,Forever21,Winter,XS,Black, $78.00 ,46%, $42.00 ,06 August 2025,6,2.7,FALSE,No Action
FB000380,Accessories,Mango,Summer,XS,Brown, $69.00 ,0%, $69.00 ,06 August 2025,43,2.4,FALSE,No Action
FB000381,Accessories,Mango,Fall,XS,Pink, $23.00 ,0%, $23.00 ,06 August 2025,16,1.3,FALSE,No Action
FB000382,Tops,H&M,Spring,XS,Navy, $119.00 ,28%, $86.00 ,28 September 2024,12,1.7,FALSE,No Action
FB000383,Outerwear,H&M,Summer,M,Black, $111.00 ,1%, $109.00 ,06 August 2025,7,2.8,FALSE,No Action
FB000384,Accessories,Banana Republic,Summer,M,Gray, $60.00 ,0%, $60.00 ,06 August 2025,6,2.1,FALSE,No Action
FB000385,Outerwear,Gap,Winter,M,Navy, $133.00 ,0%, $133.00 ,06 August 2025,27,3.6,FALSE,No Action
FB000386,Dresses,Banana Republic,Spring,XL,Brown, $54.00 ,50%, $27.00 ,08 October 2024,48,4.5,FALSE,No Action
FB000387,Tops,Uniqlo,Winter,L,White, $85.00 ,0%, $85.00 ,06 August 2025,42,4.3,FALSE,No Action
FB000388,Accessories,H&M,Fall,L,Black, $24.00 ,0%, $24.00 ,06 August 2025,6,4.4,FALSE,No Action
FB000389,Accessories,Banana Republic,Spring,L,Blue, $28.00 ,0%, $28.00 ,23 October 2024,30,2.8,FALSE,No Action
FB000390,Shoes,Forever21,Summer,L,Pink, $79.00 ,24%, $60.00 ,06 August 2025,37,1.7,FALSE,No Action
FB000391,Dresses,Gap,Fall,XL,Blue, $49.00 ,0%, $49.00 ,06 August 2025,19,3.4,FALSE,No Action
FB000392,Tops,Mango,Winter,XS,Blue, $41.00 ,0%, $41.00 ,06 August 2025,36,3.5,FALSE,No Action
FB000393,Dresses,Uniqlo,Fall,XS,Beige, $131.00 ,35%, $85.00 ,06 August 2025,21,4.7,FALSE,No Action
FB000394,Bottoms,Mango,Fall,M,Blue, $56.00 ,28%, $40.00 ,06 August 2025,22,3.0,FALSE,No Action
FB000395,Tops,Zara,Winter,M,Blue, $111.00 ,33%, $74.00 ,06 August 2025,47,2.0,TRUE,Quality Issue
FB000396,Tops,Zara,Winter,L,Beige, $99.00 ,48%, $52.00 ,06 August 2025,18,2.0,TRUE,Quality Issue
FB000397,Dresses,Uniqlo,Fall,XS,Red, $110.00 ,57%, $47.00 ,06 August 2025,0,4.7,FALSE,No Action
FB000398,Dresses,Forever21,Winter,L,Blue, $141.00 ,0%, $141.00 ,06 August 2025,39,1.7,FALSE,No Action
FB000399,Accessories,H&M,Winter,L,Brown, $32.00 ,43%, $18.00 ,06 August 2025,5,1.1,FALSE,No Action
FB000400,Outerwear,Zara,Spring,L,Black, $189.00 ,41%, $112.00 ,21 September 2024,27,1.8,TRUE,Damaged
FB000401,Dresses,Ann Taylor,Fall,XL,Pink, $150.00 ,47%, $80.00 ,06 August 2025,18,4.9,FALSE,No Action
FB000402,Accessories,Gap,Fall,XL,Navy, $42.00 ,22%, $33.00 ,06 August 2025,16,3.0,FALSE,No Action
FB000403,Accessories,Uniqlo,Fall,XL,Red, $62.00 ,0%, $62.00 ,06 August 2025,50,1.4,TRUE,Changed Mind
FB000404,Accessories,Banana Republic,Winter,XL,Green, $74.00 ,0%, $74.00 ,06 August 2025,4,2.2,FALSE,No Action
FB000405,Outerwear,Uniqlo,Winter,XS,Navy, $217.00 ,0%, $217.00 ,06 August 2025,4,4.2,FALSE,No Action
FB000406,Tops,Zara,Summer,XL,White, $111.00 ,57%, $48.00 ,06 August 2025,29,1.5,FALSE,No Action
FB000407,Shoes,H&M,Winter,XL,Navy, $62.00 ,0%, $62.00 ,06 August 2025,0,1.9,TRUE,Changed Mind
FB000408,Outerwear,Banana Republic,Winter,XS,Blue, $165.00 ,3%, $160.00 ,06 August 2025,42,2.4,FALSE,No Action
FB000409,Outerwear,Gap,Fall,XS,Brown, $179.00 ,0%, $179.00 ,06 August 2025,25,1.7,FALSE,No Action
FB000410,Accessories,Zara,Summer,XS,Beige, $34.00 ,0%, $34.00 ,06 August 2025,27,4.1,FALSE,No Action
FB000411,Tops,Gap,Spring,XS,Green, $101.00 ,0%, $101.00 ,14 March 2025,46,3.0,TRUE,Size Issue
FB000412,Shoes,Banana Republic,Summer,XL,Blue, $187.00 ,0%, $187.00 ,06 August 2025,46,2.9,FALSE,No Action
FB000413,Outerwear,Ann Taylor,Fall,L,Pink, $145.00 ,0%, $145.00 ,06 August 2025,36,2.6,FALSE,No Action
FB000414,Bottoms,Gap,Summer,XS,Blue, $101.00 ,27%, $74.00 ,06 August 2025,38,3.4,TRUE,Damaged
FB000415,Dresses,H&M,Fall,XXL,Beige, $71.00 ,0%, $71.00 ,06 August 2025,33,3.1,FALSE,No Action
FB000416,Dresses,Ann Taylor,Summer,M,Green, $55.00 ,0%, $55.00 ,06 August 2025,2,3.8,TRUE,Wrong Item
FB000417,Tops,Zara,Summer,XXL,Black, $94.00 ,35%, $61.00 ,06 August 2025,34,3.9,FALSE,No Action
FB000418,Shoes,Mango,Spring,M,Purple, $138.00 ,0%, $138.00 ,02 December 2024,0,2.9,FALSE,No Action
FB000419,Outerwear,Gap,Spring,XXL,Navy, $175.00 ,0%, $175.00 ,23 February 2025,20,3.0,FALSE,No Action
FB000420,Shoes,Uniqlo,Summer,XS,Black, $145.00 ,36%, $93.00 ,06 August 2025,25,2.2,FALSE,No Action
FB000421,Dresses,Mango,Summer,M,Black, $169.00 ,45%, $93.00 ,06 August 2025,37,2.7,FALSE,No Action
FB000422,Tops,Uniqlo,Summer,L,Red, $103.00 ,0%, $103.00 ,06 August 2025,13,4.5,FALSE,No Action
FB000423,Tops,Mango,Fall,M,Beige, $97.00 ,32%, $66.00 ,06 August 2025,27,3.0,FALSE,No Action
FB000424,Dresses,Ann Taylor,Spring,M,Navy, $50.00 ,26%, $37.00 ,29 October 2024,37,4.1,FALSE,No Action
FB000425,Outerwear,Banana Republic,Fall,XL,Black, $127.00 ,0%, $127.00 ,06 August 2025,32,3.6,FALSE,No Action
FB000426,Tops,Forever21,Winter,XL,Black, $111.00 ,0%, $111.00 ,06 August 2025,13,4.8,FALSE,No Action
FB000427,Shoes,Uniqlo,Fall,XL,Purple, $134.00 ,12%, $118.00 ,06 August 2025,47,3.9,FALSE,No Action
FB000428,Bottoms,Zara,Spring,XXL,Purple, $56.00 ,0%, $56.00 ,16 July 2025,9,3.0,FALSE,No Action
FB000429,Dresses,Banana Republic,Fall,XL,Purple, $106.00 ,0%, $106.00 ,06 August 2025,35,4.5,FALSE,No Action
FB000430,Shoes,Mango,Fall,XL,Green, $104.00 ,21%, $82.00 ,06 August 2025,31,3.0,FALSE,No Action
FB000431,Accessories,Uniqlo,Spring,XL,Purple, $24.00 ,0%, $24.00 ,20 August 2024,44,4.2,FALSE,No Action
FB000432,Shoes,Mango,Spring,L,Green, $131.00 ,0%, $131.00 ,18 June 2025,12,1.6,FALSE,No Action
FB000433,Bottoms,Forever21,Fall,M,Red, $72.00 ,0%, $72.00 ,06 August 2025,25,3.8,FALSE,No Action
FB000434,Shoes,Zara,Winter,XS,Green, $135.00 ,0%, $135.00 ,06 August 2025,26,3.9,FALSE,No Action
FB000435,Shoes,Zara,Winter,XL,Navy, $166.00 ,4%, $159.00 ,06 August 2025,17,2.6,TRUE,Color Mismatch
FB000436,Shoes,Banana Republic,Spring,XL,Green, $135.00 ,42%, $78.00 ,20 December 2024,17,4.3,FALSE,No Action
FB000437,Bottoms,Ann Taylor,Spring,L,Blue, $96.00 ,0%, $96.00 ,09 September 2024,15,4.0,FALSE,No Action
FB000438,Outerwear,H&M,Summer,L,Red, $116.00 ,0%, $116.00 ,06 August 2025,27,3.6,TRUE,Changed Mind
FB000439,Shoes,Mango,Fall,L,Black, $91.00 ,0%, $91.00 ,06 August 2025,8,1.5,FALSE,No Action
FB000440,Bottoms,Zara,Winter,XS,Gray, $102.00 ,0%, $102.00 ,06 August 2025,50,3.0,FALSE,No Action
FB000441,Shoes,Uniqlo,Winter,L,Gray, $67.00 ,3%, $65.00 ,06 August 2025,23,1.5,FALSE,No Action
FB000442,Accessories,Banana Republic,Winter,L,Green, $38.00 ,0%, $38.00 ,06 August 2025,14,1.4,FALSE,No Action
FB000443,Accessories,Zara,Winter,L,Gray, $60.00 ,0%, $60.00 ,06 August 2025,30,2.5,FALSE,No Action
FB000444,Outerwear,Banana Republic,Spring,L,Navy, $90.00 ,0%, $90.00 ,16 April 2025,35,4.2,FALSE,No Action
FB000445,Accessories,Banana Republic,Summer,L,Red, $45.00 ,0%, $45.00 ,06 August 2025,36,1.3,FALSE,No Action
FB000446,Tops,Ann Taylor,Spring,L,Purple, $58.00 ,0%, $58.00 ,23 January 2025,21,2.3,FALSE,No Action
FB000447,Dresses,H&M,Summer,L,Pink, $167.00 ,0%, $167.00 ,06 August 2025,18,4.1,FALSE,No Action
FB000448,Outerwear,Zara,Fall,XXL,Red, $193.00 ,0%, $193.00 ,06 August 2025,7,3.5,FALSE,No Action
FB000449,Accessories,Gap,Winter,XXL,Gray, $60.00 ,16%, $50.00 ,06 August 2025,49,2.0,TRUE,Color Mismatch
FB000450,Bottoms,Banana Republic,Fall,M,Gray, $35.00 ,0%, $35.00 ,06 August 2025,29,4.7,FALSE,No Action
FB000451,Accessories,Mango,Summer,M,Purple, $39.00 ,0%, $39.00 ,06 August 2025,28,2.4,FALSE,No Action
FB000452,Tops,Zara,Winter,XL,Black, $85.00 ,59%, $34.00 ,06 August 2025,5,4.9,FALSE,No Action
FB000453,Bottoms,Forever21,Fall,XXL,White, $81.00 ,0%, $81.00 ,06 August 2025,21,1.2,FALSE,No Action
FB000454,Accessories,Ann Taylor,Spring,XXL,White, $16.00 ,0%, $16.00 ,31 July 2025,16,2.8,FALSE,No Action
FB000455,Tops,Ann Taylor,Winter,XL,Black, $115.00 ,55%, $52.00 ,06 August 2025,6,1.6,FALSE,No Action
FB000456,Bottoms,Mango,Summer,XXL,Pink, $49.00 ,0%, $49.00 ,06 August 2025,17,2.1,FALSE,No Action
FB000457,Shoes,Mango,Fall,XS,Beige, $107.00 ,53%, $50.00 ,06 August 2025,2,4.9,FALSE,No Action
FB000458,Shoes,Mango,Summer,M,Black, $138.00 ,32%, $94.00 ,06 August 2025,3,2.5,FALSE,No Action
FB000459,Tops,Gap,Spring,XS,Red, $32.00 ,0%, $32.00 ,09 May 2025,43,3.4,TRUE,Wrong Item
FB000460,Dresses,H&M,Fall,XS,Black, $129.00 ,51%, $63.00 ,06 August 2025,10,4.4,FALSE,No Action
FB000461,Dresses,Banana Republic,Winter,M,Gray, $68.00 ,56%, $29.00 ,06 August 2025,30,1.8,FALSE,No Action
FB000462,Accessories,H&M,Winter,M,Gray, $46.00 ,0%, $46.00 ,06 August 2025,30,3.0,FALSE,No Action
FB000463,Outerwear,Banana Republic,Fall,XXL,White, $124.00 ,58%, $52.00 ,06 August 2025,44,3.2,FALSE,No Action
FB000464,Bottoms,H&M,Spring,XL,Red, $36.00 ,0%, $36.00 ,03 July 2025,0,4.4,FALSE,No Action
FB000465,Outerwear,Ann Taylor,Winter,XS,Black, $229.00 ,0%, $228.00 ,06 August 2025,30,3.4,FALSE,No Action
FB000466,Tops,Ann Taylor,Spring,S,Navy, $74.00 ,0%, $74.00 ,07 September 2024,35,3.4,FALSE,No Action
FB000467,Bottoms,Banana Republic,Spring,XS,Brown, $27.00 ,0%, $27.00 ,09 September 2024,14,2.4,FALSE,No Action
FB000468,Tops,Ann Taylor,Spring,L,Purple, $32.00 ,1%, $32.00 ,06 May 2025,29,1.5,TRUE,Changed Mind
FB000469,Accessories,Zara,Summer,L,Purple, $30.00 ,12%, $26.00 ,06 August 2025,30,3.4,FALSE,No Action
FB000470,Outerwear,Uniqlo,Summer,S,Brown, $180.00 ,0%, $180.00 ,06 August 2025,28,3.0,FALSE,No Action
FB000471,Bottoms,Uniqlo,Summer,XS,White, $96.00 ,0%, $96.00 ,06 August 2025,17,4.4,FALSE,No Action
FB000472,Bottoms,Ann Taylor,Fall,XS,Pink, $68.00 ,54%, $31.00 ,06 August 2025,38,2.9,FALSE,No Action
FB000473,Shoes,Gap,Fall,XS,White, $71.00 ,0%, $71.00 ,06 August 2025,45,3.3,FALSE,No Action
FB000474,Shoes,Gap,Fall,L,Blue, $80.00 ,10%, $72.00 ,06 August 2025,37,2.5,FALSE,No Action
FB000475,Outerwear,Zara,Winter,L,Green, $208.00 ,0%, $208.00 ,06 August 2025,13,1.6,FALSE,No Action
FB000476,Shoes,Mango,Summer,M,Navy, $158.00 ,54%, $72.00 ,06 August 2025,36,4.5,FALSE,No Action
FB000477,Tops,Zara,Fall,S,White, $85.00 ,0%, $85.00 ,06 August 2025,12,3.0,FALSE,No Action
FB000478,Accessories,Gap,Spring,S,Pink, $69.00 ,0%, $69.00 ,26 September 2024,38,1.5,FALSE,No Action
FB000479,Dresses,Zara,Winter,XL,Red, $136.00 ,19%, $110.00 ,06 August 2025,14,3.0,FALSE,No Action
FB000480,Shoes,Mango,Spring,XS,Pink, $124.00 ,0%, $124.00 ,08 August 2024,44,4.0,FALSE,No Action
FB000481,Shoes,Banana Republic,Winter,S,Black, $129.00 ,0%, $129.00 ,06 August 2025,15,3.1,FALSE,No Action
FB000482,Dresses,H&M,Spring,S,Navy, $123.00 ,30%, $86.00 ,31 July 2025,39,1.9,FALSE,No Action
FB000483,Shoes,Zara,Summer,XS,Beige, $62.00 ,0%, $62.00 ,06 August 2025,12,4.7,FALSE,No Action
FB000484,Shoes,Uniqlo,Spring,XS,Blue, $74.00 ,0%, $74.00 ,07 November 2024,4,3.5,FALSE,No Action
FB000485,Tops,Gap,Summer,S,Pink, $114.00 ,0%, $114.00 ,06 August 2025,2,3.0,FALSE,No Action
FB000486,Accessories,Gap,Fall,S,White, $20.00 ,28%, $14.00 ,06 August 2025,36,3.0,FALSE,No Action
FB000487,Shoes,Banana Republic,Summer,XL,Blue, $167.00 ,0%, $167.00 ,06 August 2025,17,3.2,FALSE,No Action
FB000488,Accessories,Uniqlo,Fall,XL,Gray, $62.00 ,38%, $38.00 ,06 August 2025,16,3.1,FALSE,No Action
FB000489,Outerwear,Banana Republic,Fall,XL,Pink, $223.00 ,6%, $209.00 ,06 August 2025,18,1.9,FALSE,No Action
FB000490,Accessories,Mango,Summer,XL,Blue, $67.00 ,0%, $67.00 ,06 August 2025,3,1.4,FALSE,No Action
FB000491,Dresses,Zara,Summer,M,Red, $144.00 ,33%, $96.00 ,06 August 2025,33,2.8,FALSE,No Action
FB000492,Outerwear,Gap,Winter,XS,Purple, $152.00 ,53%, $71.00 ,06 August 2025,2,4.6,TRUE,Changed Mind
FB000493,Dresses,Forever21,Summer,XXL,White, $111.00 ,0%, $111.00 ,06 August 2025,48,4.9,FALSE,No Action
FB000494,Outerwear,Banana Republic,Winter,XS,Pink, $159.00 ,0%, $159.00 ,06 August 2025,38,2.4,TRUE,Quality Issue
FB000495,Outerwear,Zara,Winter,XXL,White, $215.00 ,0%, $215.00 ,06 August 2025,43,3.5,FALSE,No Action
FB000496,Tops,Ann Taylor,Spring,XXL,Beige, $51.00 ,33%, $34.00 ,07 August 2024,36,3.4,FALSE,No Action
FB000497,Outerwear,Ann Taylor,Summer,L,Pink, $137.00 ,0%, $137.00 ,06 August 2025,43,3.5,FALSE,No Action
FB000498,Bottoms,Forever21,Fall,XXL,Green, $96.00 ,39%, $59.00 ,06 August 2025,46,1.7,FALSE,No Action
FB000499,Bottoms,H&M,Spring,M,Purple, $58.00 ,38%, $36.00 ,27 December 2024,50,1.2,FALSE,No Action
FB000500,Outerwear,Gap,Winter,S,Green, $204.00 ,0%, $204.00 ,06 August 2025,33,3.1,FALSE,No Action
FB000501,Bottoms,Forever21,Spring,L,White, $117.00 ,0%, $117.00 ,25 September 2024,29,3.0,FALSE,No Action
FB000502,Outerwear,Gap,Summer,XXL,White, $91.00 ,0%, $91.00 ,06 August 2025,1,2.5,FALSE,No Action
FB000503,Bottoms,Gap,Fall,XL,Navy, $94.00 ,0%, $94.00 ,06 August 2025,13,2.4,FALSE,No Action
FB000504,Dresses,Mango,Fall,XXL,White, $71.00 ,3%, $69.00 ,06 August 2025,45,1.4,FALSE,No Action
FB000505,Dresses,Ann Taylor,Winter,XL,Green, $177.00 ,6%, $167.00 ,06 August 2025,47,3.0,FALSE,No Action
FB000506,Accessories,Zara,Summer,XL,White, $34.00 ,0%, $34.00 ,06 August 2025,43,3.0,TRUE,Wrong Item
FB000507,Bottoms,Banana Republic,Spring,M,Gray, $119.00 ,0%, $119.00 ,18 January 2025,18,3.7,FALSE,No Action
FB000508,Accessories,H&M,Summer,M,Brown, $44.00 ,0%, $44.00 ,06 August 2025,2,2.0,FALSE,No Action
FB000509,Bottoms,Mango,Spring,XL,Purple, $42.00 ,0%, $42.00 ,14 November 2024,33,4.5,TRUE,Changed Mind
FB000510,Dresses,Banana Republic,Summer,XL,Purple, $68.00 ,0%, $68.00 ,06 August 2025,16,3.0,FALSE,No Action
FB000511,Shoes,Zara,Fall,XS,Green, $165.00 ,32%, $112.00 ,06 August 2025,9,4.6,FALSE,No Action
FB000512,Accessories,Ann Taylor,Winter,XS,Green, $35.00 ,0%, $35.00 ,06 August 2025,42,4.5,FALSE,No Action
FB000513,Dresses,H&M,Summer,M,Navy, $95.00 ,0%, $95.00 ,06 August 2025,6,4.6,FALSE,No Action
FB000514,Accessories,Banana Republic,Spring,M,Brown, $72.00 ,51%, $35.00 ,15 February 2025,31,1.9,FALSE,No Action
FB000515,Outerwear,Ann Taylor,Summer,M,White, $80.00 ,0%, $80.00 ,06 August 2025,28,2.9,FALSE,No Action
FB000516,Bottoms,Banana Republic,Winter,XL,Gray, $119.00 ,0%, $119.00 ,06 August 2025,35,1.4,FALSE,No Action
FB000517,Tops,Gap,Winter,XS,Brown, $60.00 ,42%, $34.00 ,06 August 2025,8,3.0,TRUE,Color Mismatch
FB000518,Outerwear,H&M,Fall,M,Navy, $92.00 ,44%, $52.00 ,06 August 2025,33,1.5,TRUE,Damaged
FB000519,Accessories,Uniqlo,Fall,M,Pink, $28.00 ,0%, $28.00 ,06 August 2025,4,3.1,FALSE,No Action
FB000520,Bottoms,Zara,Summer,M,Gray, $91.00 ,0%, $91.00 ,06 August 2025,40,3.8,FALSE,No Action
FB000521,Accessories,Mango,Fall,M,Navy, $72.00 ,0%, $72.00 ,06 August 2025,27,2.5,FALSE,No Action
FB000522,Bottoms,H&M,Fall,L,Blue, $39.00 ,0%, $39.00 ,06 August 2025,10,3.5,FALSE,No Action
FB000523,Dresses,Zara,Winter,S,Gray, $113.00 ,0%, $113.00 ,06 August 2025,12,4.4,FALSE,No Action
FB000524,Accessories,Forever21,Spring,S,Navy, $25.00 ,0%, $25.00 ,31 July 2025,17,3.3,FALSE,No Action
FB000525,Tops,Mango,Spring,L,Black, $98.00 ,57%, $42.00 ,05 February 2025,44,2.6,FALSE,No Action
FB000526,Tops,Banana Republic,Spring,XS,Purple, $60.00 ,0%, $60.00 ,10 April 2025,35,1.7,FALSE,No Action
FB000527,Dresses,Zara,Winter,S,Pink, $132.00 ,7%, $122.00 ,06 August 2025,0,4.2,FALSE,No Action
FB000528,Outerwear,Ann Taylor,Fall,XL,Pink, $234.00 ,0%, $234.00 ,06 August 2025,40,1.7,FALSE,No Action
FB000529,Accessories,H&M,Fall,XL,Black, $31.00 ,48%, $16.00 ,06 August 2025,32,4.5,FALSE,No Action
FB000530,Accessories,Uniqlo,Spring,XL,Gray, $15.00 ,37%, $9.00 ,23 July 2025,41,3.8,FALSE,No Action
FB000531,Shoes,H&M,Winter,XS,Purple, $77.00 ,0%, $77.00 ,06 August 2025,48,1.1,FALSE,No Action
FB000532,Accessories,Zara,Spring,XS,Gray, $78.00 ,0%, $78.00 ,09 April 2025,38,4.9,FALSE,No Action
FB000533,Outerwear,Gap,Fall,M,Brown, $169.00 ,0%, $169.00 ,06 August 2025,28,4.0,FALSE,No Action
FB000534,Bottoms,H&M,Spring,L,White, $94.00 ,39%, $57.00 ,16 August 2024,39,4.7,FALSE,No Action
FB000535,Shoes,Ann Taylor,Spring,XL,Red, $112.00 ,22%, $87.00 ,22 July 2025,29,2.1,TRUE,Color Mismatch
FB000536,Bottoms,Zara,Summer,L,Purple, $104.00 ,0%, $104.00 ,06 August 2025,21,1.6,FALSE,No Action
FB000537,Outerwear,Gap,Winter,XXL,Gray, $174.00 ,0%, $174.00 ,06 August 2025,15,1.7,FALSE,No Action
FB000538,Outerwear,Uniqlo,Spring,L,Purple, $217.00 ,49%, $110.00 ,27 November 2024,42,2.9,FALSE,No Action
FB000539,Shoes,Mango,Winter,L,Black, $123.00 ,0%, $123.00 ,06 August 2025,15,1.8,TRUE,Wrong Item
FB000540,Tops,Ann Taylor,Winter,XL,Navy, $103.00 ,0%, $103.00 ,06 August 2025,23,3.3,FALSE,No Action
FB000541,Dresses,H&M,Spring,XL,Blue, $138.00 ,0%, $138.00 ,28 March 2025,18,3.3,FALSE,No Action
FB000542,Shoes,Gap,Summer,S,Black, $165.00 ,0%, $165.00 ,06 August 2025,7,3.0,FALSE,No Action
FB000543,Shoes,Gap,Winter,XXL,Gray, $147.00 ,0%, $147.00 ,06 August 2025,15,2.7,FALSE,No Action
FB000544,Shoes,Uniqlo,Fall,L,Pink, $126.00 ,0%, $126.00 ,06 August 2025,48,2.1,FALSE,No Action
FB000545,Outerwear,Ann Taylor,Fall,M,Navy, $229.00 ,0%, $229.00 ,06 August 2025,5,4.5,FALSE,No Action
FB000546,Accessories,Ann Taylor,Winter,M,Gray, $38.00 ,33%, $26.00 ,06 August 2025,46,1.1,FALSE,No Action
FB000547,Bottoms,Banana Republic,Spring,XS,Pink, $80.00 ,0%, $80.00 ,11 February 2025,42,3.0,FALSE,No Action
FB000548,Accessories,Uniqlo,Spring,XS,Beige, $56.00 ,0%, $56.00 ,18 March 2025,35,4.0,FALSE,No Action
FB000549,Dresses,Zara,Fall,M,Beige, $121.00 ,0%, $121.00 ,06 August 2025,33,2.3,FALSE,No Action
FB000550,Bottoms,Gap,Fall,M,Black, $101.00 ,28%, $73.00 ,06 August 2025,40,4.5,FALSE,No Action
FB000551,Bottoms,Banana Republic,Spring,L,Red, $89.00 ,0%, $89.00 ,28 February 2025,26,4.1,FALSE,No Action
FB000552,Shoes,Forever21,Summer,XXL,Green, $64.00 ,34%, $42.00 ,06 August 2025,48,4.5,FALSE,No Action
FB000553,Dresses,Zara,Spring,L,Beige, $168.00 ,0%, $168.00 ,14 July 2025,11,4.4,FALSE,No Action
FB000554,Bottoms,Gap,Summer,XL,Navy, $86.00 ,50%, $43.00 ,06 August 2025,19,4.3,FALSE,No Action
FB000555,Tops,Forever21,Winter,XS,Red, $36.00 ,19%, $29.00 ,06 August 2025,39,1.2,FALSE,No Action
FB000556,Tops,Ann Taylor,Spring,XS,Pink, $38.00 ,0%, $38.00 ,06 March 2025,2,3.2,FALSE,No Action
FB000557,Bottoms,Mango,Winter,XS,Beige, $68.00 ,38%, $42.00 ,06 August 2025,40,2.1,FALSE,No Action
FB000558,Dresses,Uniqlo,Fall,M,Brown, $117.00 ,0%, $117.00 ,06 August 2025,30,3.0,TRUE,Changed Mind
FB000559,Tops,Ann Taylor,Spring,S,Navy, $79.00 ,0%, $79.00 ,30 January 2025,10,3.4,TRUE,Changed Mind
FB000560,Bottoms,Mango,Summer,L,Green, $75.00 ,43%, $43.00 ,06 August 2025,11,2.0,FALSE,No Action
FB000561,Dresses,Ann Taylor,Spring,M,White, $141.00 ,0%, $141.00 ,25 March 2025,10,2.5,FALSE,No Action
FB000562,Shoes,Uniqlo,Spring,L,Black, $124.00 ,0%, $124.00 ,28 August 2024,24,1.0,FALSE,No Action
FB000563,Bottoms,Forever21,Winter,L,Navy, $48.00 ,0%, $48.00 ,06 August 2025,6,4.3,FALSE,No Action
FB000564,Dresses,H&M,Fall,XS,Gray, $119.00 ,0%, $119.00 ,06 August 2025,45,4.2,FALSE,No Action
FB000565,Shoes,Mango,Summer,M,Brown, $186.00 ,0%, $186.00 ,06 August 2025,41,2.6,FALSE,No Action
FB000566,Shoes,Mango,Summer,XL,Brown, $109.00 ,0%, $109.00 ,06 August 2025,38,4.1,FALSE,No Action
FB000567,Dresses,Gap,Winter,S,Gray, $116.00 ,43%, $66.00 ,06 August 2025,3,3.5,FALSE,No Action
FB000568,Accessories,Zara,Winter,S,Green, $41.00 ,26%, $30.00 ,06 August 2025,5,4.7,FALSE,No Action
FB000569,Tops,Uniqlo,Winter,S,Green, $94.00 ,45%, $52.00 ,06 August 2025,47,2.6,FALSE,No Action
FB000570,Accessories,Zara,Spring,S,White, $48.00 ,33%, $32.00 ,01 October 2024,39,2.8,FALSE,No Action
FB000571,Tops,Gap,Summer,M,Purple, $75.00 ,0%, $75.00 ,06 August 2025,22,2.1,TRUE,Size Issue
FB000572,Shoes,H&M,Summer,XS,White, $98.00 ,30%, $68.00 ,06 August 2025,16,3.0,FALSE,No Action
FB000573,Tops,H&M,Spring,XL,Brown, $39.00 ,0%, $39.00 ,21 January 2025,15,3.0,FALSE,No Action
FB000574,Outerwear,Uniqlo,Winter,S,White, $153.00 ,0%, $153.00 ,06 August 2025,42,2.2,FALSE,No Action
FB000575,Accessories,Ann Taylor,Summer,S,Beige, $68.00 ,0%, $68.00 ,06 August 2025,9,1.1,FALSE,No Action
FB000576,Bottoms,Ann Taylor,Fall,M,Pink, $25.00 ,39%, $15.00 ,06 August 2025,48,3.0,FALSE,No Action
FB000577,Outerwear,H&M,Fall,XXL,White, $246.00 ,0%, $246.00 ,06 August 2025,20,4.8,FALSE,No Action
FB000578,Accessories,H&M,Fall,XXL,Green, $52.00 ,0%, $52.00 ,06 August 2025,14,3.0,FALSE,No Action
FB000579,Tops,Zara,Summer,M,Navy, $33.00 ,0%, $33.00 ,06 August 2025,12,3.8,FALSE,No Action
FB000580,Shoes,H&M,Summer,M,Pink, $96.00 ,0%, $96.00 ,06 August 2025,28,3.0,FALSE,No Action
FB000581,Dresses,H&M,Spring,M,Red, $95.00 ,0%, $95.00 ,09 May 2025,47,4.9,FALSE,No Action
FB000582,Tops,Gap,Fall,M,Brown, $41.00 ,0%, $41.00 ,06 August 2025,3,1.6,FALSE,No Action
FB000583,Tops,Uniqlo,Summer,XL,Gray, $46.00 ,7%, $43.00 ,06 August 2025,35,1.3,TRUE,Quality Issue
FB000584,Bottoms,Zara,Winter,L,Beige, $25.00 ,59%, $10.00 ,06 August 2025,40,3.0,FALSE,No Action
FB000585,Outerwear,Uniqlo,Summer,L,Beige, $204.00 ,14%, $176.00 ,06 August 2025,27,3.8,FALSE,No Action
FB000586,Tops,Zara,Winter,XXL,Pink, $43.00 ,47%, $22.00 ,06 August 2025,44,4.7,FALSE,No Action
FB000587,Accessories,H&M,Summer,XXL,Blue, $40.00 ,40%, $24.00 ,06 August 2025,25,2.9,FALSE,No Action
FB000588,Bottoms,Forever21,Winter,M,Red, $73.00 ,17%, $61.00 ,06 August 2025,34,4.0,FALSE,No Action
FB000589,Accessories,Ann Taylor,Summer,M,Navy, $17.00 ,0%, $17.00 ,06 August 2025,29,4.3,FALSE,No Action
FB000590,Dresses,Gap,Winter,S,Green, $70.00 ,28%, $50.00 ,06 August 2025,23,3.0,FALSE,No Action
FB000591,Shoes,Mango,Fall,XS,Red, $79.00 ,34%, $52.00 ,06 August 2025,38,3.0,TRUE,Size Issue
FB000592,Accessories,Zara,Summer,XS,Beige, $45.00 ,0%, $45.00 ,06 August 2025,20,3.0,TRUE,Quality Issue
FB000593,Tops,H&M,Summer,XXL,Red, $63.00 ,14%, $54.00 ,06 August 2025,19,3.0,FALSE,No Action
FB000594,Bottoms,Ann Taylor,Winter,XXL,White, $55.00 ,34%, $36.00 ,06 August 2025,9,3.0,FALSE,No Action
FB000595,Dresses,Banana Republic,Fall,M,Navy, $137.00 ,0%, $137.00 ,06 August 2025,18,3.0,FALSE,No Action
FB000596,Shoes,H&M,Fall,M,White, $65.00 ,0%, $65.00 ,06 August 2025,46,3.2,FALSE,No Action
FB000597,Shoes,Uniqlo,Winter,XL,Blue, $88.00 ,0%, $88.00 ,06 August 2025,44,3.4,TRUE,Damaged
FB000598,Dresses,Mango,Fall,M,Red, $75.00 ,0%, $75.00 ,06 August 2025,6,4.6,FALSE,No Action
FB000599,Shoes,H&M,Spring,L,White, $185.00 ,0%, $185.00 ,09 May 2025,49,4.9,FALSE,No Action
FB000600,Outerwear,Mango,Fall,L,Black, $132.00 ,0%, $132.00 ,06 August 2025,45,1.6,FALSE,No Action
FB000601,Bottoms,Zara,Fall,M,White, $93.00 ,0%, $93.00 ,06 August 2025,7,3.5,FALSE,No Action
FB000602,Accessories,Ann Taylor,Fall,M,Black, $47.00 ,0%, $47.00 ,06 August 2025,38,4.2,FALSE,No Action
FB000603,Bottoms,Banana Republic,Spring,L,Green, $59.00 ,0%, $59.00 ,12 October 2024,33,2.9,FALSE,No Action
FB000604,Dresses,H&M,Winter,XXL,Black, $140.00 ,0%, $140.00 ,06 August 2025,15,2.7,FALSE,No Action
FB000605,Accessories,Uniqlo,Winter,XXL,Black, $66.00 ,0%, $66.00 ,06 August 2025,47,4.0,FALSE,No Action
FB000606,Accessories,Gap,Summer,XXL,Purple, $39.00 ,35%, $25.00 ,06 August 2025,9,4.6,FALSE,No Action
FB000607,Accessories,Zara,Fall,XXL,Red, $70.00 ,0%, $70.00 ,06 August 2025,49,1.8,FALSE,No Action
FB000608,Dresses,Zara,Spring,M,Red, $95.00 ,0%, $95.00 ,07 June 2025,36,3.0,TRUE,Quality Issue
FB000609,Accessories,Forever21,Spring,M,Red, $32.00 ,29%, $23.00 ,27 July 2025,9,1.4,FALSE,No Action
FB000610,Bottoms,Mango,Summer,XL,Purple, $41.00 ,0%, $41.00 ,06 August 2025,10,4.8,FALSE,No Action
FB000611,Bottoms,Zara,Winter,XL,Gray, $43.00 ,0%, $43.00 ,06 August 2025,34,4.9,FALSE,No Action
FB000612,Outerwear,Ann Taylor,Winter,XXL,Navy, $102.00 ,28%, $73.00 ,06 August 2025,21,2.2,TRUE,Size Issue
FB000613,Accessories,Mango,Winter,XXL,Red, $54.00 ,0%, $54.00 ,06 August 2025,15,2.6,FALSE,No Action
FB000614,Accessories,Mango,Winter,XXL,Purple, $43.00 ,0%, $43.00 ,06 August 2025,35,2.8,FALSE,No Action
FB000615,Accessories,Banana Republic,Winter,XXL,Pink, $66.00 ,0%, $66.00 ,06 August 2025,19,2.6,FALSE,No Action
FB000616,Bottoms,Banana Republic,Summer,M,White, $38.00 ,0%, $38.00 ,06 August 2025,10,3.8,FALSE,No Action
FB000617,Accessories,Zara,Summer,M,Beige, $61.00 ,0%, $61.00 ,06 August 2025,15,4.0,FALSE,No Action
FB000618,Bottoms,H&M,Spring,XS,Beige, $90.00 ,0%, $90.00 ,20 March 2025,49,2.4,TRUE,Color Mismatch
FB000619,Dresses,Mango,Fall,XL,Green, $119.00 ,0%, $119.00 ,06 August 2025,5,5.0,FALSE,No Action
FB000620,Shoes,Forever21,Fall,XXL,Red, $130.00 ,0%, $130.00 ,06 August 2025,50,4.7,FALSE,No Action
FB000621,Tops,Banana Republic,Winter,XS,Red, $49.00 ,0%, $49.00 ,06 August 2025,15,2.8,FALSE,No Action
FB000622,Accessories,Zara,Spring,XS,Purple, $46.00 ,0%, $46.00 ,25 September 2024,42,1.7,FALSE,No Action
FB000623,Accessories,Mango,Summer,XS,Brown, $69.00 ,0%, $69.00 ,06 August 2025,8,2.8,FALSE,No Action
FB000624,Accessories,Forever21,Fall,XS,Green, $32.00 ,0%, $32.00 ,06 August 2025,17,1.9,TRUE,Quality Issue
FB000625,Bottoms,Forever21,Summer,S,Black, $36.00 ,0%, $36.00 ,06 August 2025,6,4.5,TRUE,Damaged
FB000626,Bottoms,Mango,Fall,M,Beige, $93.00 ,0%, $93.00 ,06 August 2025,34,1.4,FALSE,No Action
FB000627,Tops,Gap,Winter,S,Brown, $75.00 ,0%, $75.00 ,06 August 2025,19,1.6,FALSE,No Action
FB000628,Outerwear,Zara,Fall,M,Blue, $81.00 ,12%, $71.00 ,06 August 2025,3,3.0,FALSE,No Action
FB000629,Bottoms,Uniqlo,Spring,XL,Gray, $109.00 ,0%, $109.00 ,24 July 2025,17,1.9,FALSE,No Action
FB000630,Bottoms,Ann Taylor,Fall,XL,Black, $47.00 ,0%, $47.00 ,06 August 2025,14,2.3,FALSE,No Action
FB000631,Tops,Banana Republic,Winter,S,Red, $96.00 ,0%, $96.00 ,06 August 2025,7,2.5,FALSE,No Action
FB000632,Tops,H&M,Winter,XS,Brown, $28.00 ,3%, $27.00 ,06 August 2025,2,3.0,FALSE,No Action
FB000633,Bottoms,Zara,Winter,S,Brown, $52.00 ,6%, $49.00 ,06 August 2025,42,2.6,FALSE,No Action
FB000634,Accessories,Gap,Summer,S,Pink, $67.00 ,18%, $55.00 ,06 August 2025,37,3.0,FALSE,No Action
FB000635,Dresses,Ann Taylor,Fall,S,Red, $131.00 ,0%, $131.00 ,06 August 2025,10,2.5,FALSE,No Action
FB000636,Outerwear,Ann Taylor,Spring,XS,White, $205.00 ,0%, $205.00 ,31 January 2025,38,1.0,FALSE,No Action
FB000637,Tops,Uniqlo,Winter,XL,White, $97.00 ,11%, $86.00 ,06 August 2025,27,1.3,FALSE,No Action
FB000638,Shoes,Zara,Summer,L,Gray, $109.00 ,0%, $109.00 ,06 August 2025,32,1.4,FALSE,No Action
FB000639,Bottoms,Zara,Fall,L,Gray, $52.00 ,11%, $47.00 ,06 August 2025,50,2.7,FALSE,No Action
FB000640,Bottoms,Banana Republic,Winter,XS,Pink, $70.00 ,18%, $58.00 ,06 August 2025,21,2.9,FALSE,No Action
FB000641,Dresses,Mango,Fall,L,Navy, $53.00 ,0%, $53.00 ,06 August 2025,14,4.5,TRUE,Changed Mind
FB000642,Bottoms,Banana Republic,Summer,XS,Beige, $119.00 ,46%, $64.00 ,06 August 2025,14,3.0,FALSE,No Action
FB000643,Dresses,Mango,Winter,S,Blue, $144.00 ,0%, $144.00 ,06 August 2025,41,3.6,FALSE,No Action
FB000644,Outerwear,Mango,Spring,S,Purple, $172.00 ,0%, $172.00 ,12 April 2025,43,4.7,TRUE,Quality Issue
FB000645,Outerwear,Gap,Winter,XL,Beige, $191.00 ,40%, $114.00 ,06 August 2025,21,2.9,FALSE,No Action
FB000646,Dresses,H&M,Winter,M,Black, $128.00 ,0%, $128.00 ,06 August 2025,45,2.4,FALSE,No Action
FB000647,Dresses,H&M,Summer,L,White, $123.00 ,53%, $57.00 ,06 August 2025,38,2.5,FALSE,No Action
FB000648,Outerwear,Ann Taylor,Spring,S,Purple, $119.00 ,0%, $119.00 ,04 April 2025,22,1.5,TRUE,Color Mismatch
FB000649,Bottoms,Banana Republic,Summer,XS,White, $110.00 ,0%, $110.00 ,06 August 2025,19,3.0,TRUE,Color Mismatch
FB000650,Tops,Zara,Spring,S,Purple, $58.00 ,0%, $58.00 ,02 July 2025,29,4.1,FALSE,No Action
FB000651,Outerwear,Mango,Fall,S,Green, $208.00 ,0%, $208.00 ,06 August 2025,45,1.8,FALSE,No Action
FB000652,Shoes,Ann Taylor,Winter,M,Black, $192.00 ,0%, $192.00 ,06 August 2025,43,4.3,FALSE,No Action
FB000653,Accessories,Gap,Fall,M,Red, $71.00 ,18%, $58.00 ,06 August 2025,50,1.9,FALSE,No Action
FB000654,Shoes,Zara,Summer,XS,Red, $145.00 ,0%, $145.00 ,06 August 2025,14,2.0,FALSE,No Action
FB000655,Bottoms,Mango,Summer,XXL,Brown, $51.00 ,0%, $51.00 ,06 August 2025,9,3.2,FALSE,No Action
FB000656,Accessories,Ann Taylor,Spring,XXL,Black, $77.00 ,0%, $77.00 ,07 October 2024,49,3.3,TRUE,Quality Issue
FB000657,Dresses,Mango,Summer,L,Black, $59.00 ,45%, $32.00 ,06 August 2025,14,2.6,FALSE,No Action
FB000658,Bottoms,Uniqlo,Summer,S,Red, $102.00 ,0%, $102.00 ,06 August 2025,26,3.0,TRUE,Color Mismatch
FB000659,Accessories,Banana Republic,Spring,S,Gray, $48.00 ,0%, $48.00 ,06 December 2024,12,4.7,FALSE,No Action
FB000660,Shoes,Gap,Summer,M,Navy, $121.00 ,0%, $121.00 ,06 August 2025,16,3.0,TRUE,Damaged
FB000661,Accessories,Ann Taylor,Winter,M,Navy, $59.00 ,45%, $32.00 ,06 August 2025,21,2.0,FALSE,No Action
FB000662,Tops,Ann Taylor,Spring,XS,Beige, $58.00 ,2%, $57.00 ,23 May 2025,24,3.9,FALSE,No Action
FB000663,Accessories,Forever21,Fall,XS,Green, $73.00 ,0%, $73.00 ,06 August 2025,46,2.0,FALSE,No Action
FB000664,Bottoms,H&M,Summer,XXL,Red, $114.00 ,36%, $72.00 ,06 August 2025,41,4.1,FALSE,No Action
FB000665,Bottoms,Forever21,Summer,XS,Gray, $91.00 ,11%, $81.00 ,06 August 2025,18,1.6,FALSE,No Action
FB000666,Accessories,Forever21,Winter,XS,Navy, $69.00 ,0%, $69.00 ,06 August 2025,30,3.0,TRUE,Color Mismatch
FB000667,Tops,H&M,Summer,L,Black, $72.00 ,0%, $72.00 ,06 August 2025,27,4.8,FALSE,No Action
FB000668,Bottoms,Ann Taylor,Summer,XL,Beige, $63.00 ,42%, $36.00 ,06 August 2025,35,3.2,FALSE,No Action
FB000669,Dresses,Banana Republic,Summer,XL,Blue, $74.00 ,52%, $36.00 ,06 August 2025,35,2.5,FALSE,No Action
FB000670,Outerwear,H&M,Spring,XS,Black, $158.00 ,0%, $158.00 ,16 April 2025,30,4.6,FALSE,No Action
FB000671,Shoes,Mango,Spring,M,Brown, $96.00 ,59%, $39.00 ,10 February 2025,16,3.9,FALSE,No Action
FB000672,Bottoms,H&M,Spring,XS,Purple, $51.00 ,14%, $43.00 ,16 August 2024,16,1.3,FALSE,No Action
FB000673,Bottoms,Banana Republic,Summer,L,Navy, $49.00 ,26%, $36.00 ,06 August 2025,24,3.8,FALSE,No Action
FB000674,Dresses,Mango,Spring,XS,Pink, $148.00 ,0%, $148.00 ,26 October 2024,11,2.2,TRUE,Wrong Item
FB000675,Accessories,Gap,Winter,XS,Gray, $72.00 ,0%, $72.00 ,06 August 2025,35,4.1,FALSE,No Action
FB000676,Tops,Mango,Winter,XS,Blue, $94.00 ,0%, $94.00 ,06 August 2025,5,3.3,FALSE,No Action
FB000677,Outerwear,Banana Republic,Fall,XXL,Brown, $91.00 ,0%, $91.00 ,06 August 2025,47,4.9,FALSE,No Action
FB000678,Accessories,Banana Republic,Fall,XXL,Brown, $49.00 ,58%, $20.00 ,06 August 2025,4,1.6,FALSE,No Action
FB000679,Accessories,Gap,Winter,XXL,Purple, $23.00 ,7%, $21.00 ,06 August 2025,11,1.2,FALSE,No Action
FB000680,Accessories,Zara,Spring,XXL,Red, $49.00 ,0%, $49.00 ,17 September 2024,29,4.3,FALSE,No Action
FB000681,Accessories,Forever21,Winter,XXL,Green, $25.00 ,0%, $25.00 ,06 August 2025,38,3.2,TRUE,Quality Issue
FB000682,Shoes,Mango,Summer,XS,Green, $175.00 ,0%, $175.00 ,06 August 2025,8,4.9,FALSE,No Action
FB000683,Bottoms,Ann Taylor,Summer,XS,Gray, $37.00 ,0%, $37.00 ,06 August 2025,18,1.9,FALSE,No Action
FB000684,Outerwear,Zara,Spring,M,Green, $245.00 ,0%, $245.00 ,24 June 2025,27,2.6,FALSE,No Action
FB000685,Bottoms,Banana Republic,Winter,XS,Red, $116.00 ,0%, $116.00 ,06 August 2025,13,3.2,FALSE,No Action
FB000686,Dresses,Ann Taylor,Winter,L,Pink, $103.00 ,0%, $103.00 ,06 August 2025,17,3.0,FALSE,No Action
FB000687,Outerwear,Uniqlo,Fall,M,Purple, $238.00 ,0%, $237.00 ,06 August 2025,28,2.7,FALSE,No Action
FB000688,Shoes,Uniqlo,Summer,XS,Pink, $86.00 ,13%, $75.00 ,06 August 2025,6,1.7,FALSE,No Action
FB000689,Bottoms,Mango,Summer,XS,Blue, $58.00 ,12%, $51.00 ,06 August 2025,8,3.0,FALSE,No Action
FB000690,Bottoms,Ann Taylor,Spring,XL,Beige, $41.00 ,52%, $19.00 ,16 May 2025,20,1.2,FALSE,No Action
FB000691,Tops,H&M,Spring,XL,Black, $61.00 ,46%, $33.00 ,15 July 2025,50,2.7,FALSE,No Action
FB000692,Bottoms,H&M,Fall,XS,Black, $40.00 ,0%, $40.00 ,06 August 2025,16,3.0,FALSE,No Action
FB000693,Tops,Ann Taylor,Fall,XXL,Purple, $95.00 ,45%, $51.00 ,06 August 2025,46,2.5,FALSE,No Action
FB000694,Bottoms,Zara,Fall,S,Green, $115.00 ,0%, $115.00 ,06 August 2025,43,2.5,FALSE,No Action
FB000695,Tops,H&M,Summer,S,Beige, $59.00 ,0%, $59.00 ,06 August 2025,27,3.3,FALSE,No Action
FB000696,Shoes,Uniqlo,Spring,M,Purple, $169.00 ,0%, $169.00 ,14 July 2025,12,1.2,FALSE,No Action
FB000697,Shoes,Mango,Winter,S,Black, $117.00 ,22%, $90.00 ,06 August 2025,42,2.8,TRUE,Color Mismatch
FB000698,Tops,Mango,Winter,S,Pink, $118.00 ,0%, $118.00 ,06 August 2025,18,1.9,TRUE,Quality Issue
FB000699,Accessories,Uniqlo,Fall,S,Red, $39.00 ,0%, $39.00 ,06 August 2025,39,3.0,FALSE,No Action
FB000700,Tops,H&M,Winter,L,Beige, $74.00 ,0%, $74.00 ,06 August 2025,31,3.8,TRUE,Wrong Item
FB000701,Bottoms,H&M,Spring,XS,Brown, $62.00 ,0%, $62.00 ,26 May 2025,5,3.5,FALSE,No Action
FB000702,Accessories,H&M,Summer,XS,Gray, $73.00 ,0%, $73.00 ,06 August 2025,1,1.8,FALSE,No Action
FB000703,Accessories,Mango,Spring,XS,Black, $77.00 ,35%, $50.00 ,05 August 2025,11,3.0,FALSE,No Action
FB000704,Tops,Forever21,Summer,XS,Red, $94.00 ,0%, $94.00 ,06 August 2025,20,3.0,FALSE,No Action
FB000705,Bottoms,Ann Taylor,Spring,XS,Navy, $60.00 ,0%, $60.00 ,01 September 2024,35,3.3,FALSE,No Action
FB000706,Bottoms,Mango,Summer,XXL,Brown, $94.00 ,0%, $94.00 ,06 August 2025,28,1.5,FALSE,No Action
FB000707,Accessories,Uniqlo,Winter,XXL,Blue, $30.00 ,8%, $28.00 ,06 August 2025,43,4.7,FALSE,No Action
FB000708,Dresses,Mango,Summer,XS,Navy, $97.00 ,0%, $97.00 ,06 August 2025,24,3.9,FALSE,No Action
FB000709,Bottoms,Forever21,Summer,M,Purple, $57.00 ,35%, $37.00 ,06 August 2025,17,3.0,FALSE,No Action
FB000710,Tops,Zara,Fall,M,White, $51.00 ,20%, $41.00 ,06 August 2025,39,1.3,FALSE,No Action
FB000711,Accessories,Ann Taylor,Spring,M,Black, $61.00 ,45%, $33.00 ,03 February 2025,46,3.0,FALSE,No Action
FB000712,Outerwear,Banana Republic,Summer,L,Purple, $189.00 ,0%, $189.00 ,06 August 2025,41,2.7,TRUE,Wrong Item
FB000713,Tops,Banana Republic,Summer,XXL,Purple, $86.00 ,36%, $55.00 ,06 August 2025,2,4.9,FALSE,No Action
FB000714,Bottoms,Ann Taylor,Spring,S,Navy, $102.00 ,0%, $102.00 ,10 September 2024,27,1.8,FALSE,No Action
FB000715,Outerwear,Zara,Fall,XXL,Green, $225.00 ,0%, $225.00 ,06 August 2025,27,3.1,TRUE,Changed Mind
FB000716,Dresses,Uniqlo,Winter,XL,Gray, $48.00 ,28%, $35.00 ,06 August 2025,0,4.1,FALSE,No Action
FB000717,Outerwear,Forever21,Fall,L,Pink, $145.00 ,0%, $145.00 ,06 August 2025,19,1.5,FALSE,No Action
FB000718,Outerwear,Banana Republic,Winter,L,Green, $225.00 ,44%, $127.00 ,06 August 2025,30,3.2,FALSE,No Action
FB000719,Outerwear,Uniqlo,Summer,XL,Green, $202.00 ,40%, $121.00 ,06 August 2025,20,4.1,FALSE,No Action
FB000720,Tops,Uniqlo,Fall,XL,Blue, $51.00 ,0%, $51.00 ,06 August 2025,28,3.0,FALSE,No Action
FB000721,Tops,Uniqlo,Summer,L,Gray, $75.00 ,0%, $75.00 ,06 August 2025,21,3.0,FALSE,No Action
FB000722,Shoes,Gap,Spring,S,Pink, $92.00 ,55%, $41.00 ,19 January 2025,44,2.2,FALSE,No Action
FB000723,Accessories,Zara,Fall,S,Blue, $56.00 ,0%, $56.00 ,06 August 2025,49,4.2,FALSE,No Action
FB000724,Tops,Mango,Fall,L,Pink, $108.00 ,0%, $108.00 ,06 August 2025,38,3.8,FALSE,No Action
FB000725,Dresses,Uniqlo,Spring,S,Red, $156.00 ,0%, $156.00 ,01 April 2025,48,3.4,FALSE,No Action
FB000726,Outerwear,Uniqlo,Spring,XS,Brown, $168.00 ,0%, $168.00 ,18 April 2025,42,2.5,FALSE,No Action
FB000727,Shoes,Forever21,Summer,S,Green, $145.00 ,57%, $62.00 ,06 August 2025,46,3.0,FALSE,No Action
FB000728,Bottoms,Gap,Winter,S,White, $54.00 ,0%, $54.00 ,06 August 2025,32,3.0,FALSE,No Action
FB000729,Accessories,Zara,Fall,S,Navy, $45.00 ,0%, $45.00 ,06 August 2025,36,3.6,TRUE,Size Issue
FB000730,Bottoms,Mango,Fall,S,Red, $46.00 ,0%, $46.00 ,06 August 2025,38,2.7,FALSE,No Action
FB000731,Dresses,Banana Republic,Winter,S,Gray, $75.00 ,0%, $75.00 ,06 August 2025,42,1.7,TRUE,Quality Issue
FB000732,Dresses,Mango,Summer,XL,White, $70.00 ,0%, $70.00 ,06 August 2025,37,2.0,FALSE,No Action
FB000733,Bottoms,H&M,Summer,M,Pink, $76.00 ,0%, $76.00 ,06 August 2025,13,4.4,FALSE,No Action
FB000734,Shoes,Uniqlo,Summer,XS,Black, $110.00 ,16%, $93.00 ,06 August 2025,43,3.0,TRUE,Size Issue
FB000735,Accessories,Forever21,Fall,XS,Navy, $47.00 ,0%, $47.00 ,06 August 2025,42,4.7,FALSE,No Action
FB000736,Accessories,Gap,Spring,XS,Red, $79.00 ,0%, $79.00 ,31 July 2025,26,3.8,FALSE,No Action
FB000737,Bottoms,Banana Republic,Fall,XXL,Navy, $74.00 ,0%, $74.00 ,06 August 2025,15,4.6,FALSE,No Action
FB000738,Dresses,Forever21,Fall,XXL,Brown, $63.00 ,36%, $41.00 ,06 August 2025,15,3.1,TRUE,Quality Issue
FB000739,Bottoms,Ann Taylor,Fall,XXL,Brown, $49.00 ,0%, $49.00 ,06 August 2025,32,4.7,FALSE,No Action
FB000740,Tops,Zara,Spring,XL,Red, $57.00 ,0%, $57.00 ,13 March 2025,33,3.9,FALSE,No Action
FB000741,Dresses,Uniqlo,Summer,XL,Pink, $135.00 ,0%, $135.00 ,06 August 2025,34,3.0,FALSE,No Action
FB000742,Dresses,Mango,Winter,S,Purple, $53.00 ,22%, $41.00 ,06 August 2025,41,2.1,FALSE,No Action
FB000743,Tops,Forever21,Summer,S,Pink, $113.00 ,34%, $74.00 ,06 August 2025,10,3.0,FALSE,No Action
FB000744,Tops,H&M,Winter,L,White, $110.00 ,6%, $104.00 ,06 August 2025,15,3.0,FALSE,No Action
FB000745,Tops,Ann Taylor,Fall,L,Navy, $94.00 ,0%, $94.00 ,06 August 2025,16,3.0,FALSE,No Action
FB000746,Accessories,Forever21,Spring,L,Red, $37.00 ,0%, $37.00 ,08 October 2024,9,4.6,FALSE,No Action
FB000747,Outerwear,Ann Taylor,Winter,XXL,Gray, $200.00 ,23%, $154.00 ,06 August 2025,38,3.0,FALSE,No Action
FB000748,Accessories,Forever21,Winter,XXL,Purple, $43.00 ,0%, $43.00 ,06 August 2025,50,4.0,FALSE,No Action
FB000749,Bottoms,Forever21,Summer,L,Red, $76.00 ,10%, $69.00 ,06 August 2025,20,2.0,FALSE,No Action
FB000750,Accessories,Forever21,Fall,L,White, $21.00 ,0%, $21.00 ,06 August 2025,33,4.1,TRUE,Size Issue
FB000751,Dresses,Banana Republic,Winter,XL,Green, $55.00 ,0%, $55.00 ,06 August 2025,18,3.0,FALSE,No Action
FB000752,Outerwear,H&M,Spring,XXL,White, $122.00 ,0%, $122.00 ,21 September 2024,25,3.0,FALSE,No Action
FB000753,Accessories,Uniqlo,Summer,XXL,Beige, $61.00 ,0%, $61.00 ,06 August 2025,34,2.6,FALSE,No Action
FB000754,Outerwear,Uniqlo,Spring,XS,Brown, $127.00 ,0%, $127.00 ,08 May 2025,1,4.9,FALSE,No Action
FB000755,Accessories,Ann Taylor,Summer,XS,Navy, $73.00 ,0%, $73.00 ,06 August 2025,44,4.2,FALSE,No Action
FB000756,Outerwear,Uniqlo,Winter,XL,Beige, $129.00 ,0%, $129.00 ,06 August 2025,32,4.0,FALSE,No Action
FB000757,Accessories,Banana Republic,Winter,XL,White, $51.00 ,0%, $51.00 ,06 August 2025,33,3.0,FALSE,No Action
FB000758,Dresses,H&M,Spring,L,Gray, $173.00 ,0%, $173.00 ,12 April 2025,13,3.9,FALSE,No Action
FB000759,Accessories,Uniqlo,Summer,L,Green, $70.00 ,0%, $70.00 ,06 August 2025,18,2.8,FALSE,No Action
FB000760,Dresses,Forever21,Summer,S,Black, $126.00 ,0%, $126.00 ,06 August 2025,42,2.0,FALSE,No Action
FB000761,Bottoms,Zara,Winter,XXL,Blue, $84.00 ,10%, $76.00 ,06 August 2025,45,2.1,FALSE,No Action
FB000762,Accessories,Forever21,Summer,XXL,Pink, $59.00 ,45%, $32.00 ,06 August 2025,41,2.3,TRUE,Color Mismatch
FB000763,Outerwear,Mango,Fall,M,Green, $195.00 ,0%, $194.00 ,06 August 2025,30,2.9,FALSE,No Action
FB000764,Dresses,Gap,Spring,S,White, $107.00 ,8%, $99.00 ,10 September 2024,21,4.6,FALSE,No Action
FB000765,Shoes,H&M,Spring,L,Blue, $63.00 ,0%, $63.00 ,08 November 2024,35,2.9,FALSE,No Action
FB000766,Bottoms,Gap,Fall,L,Blue, $58.00 ,0%, $58.00 ,06 August 2025,17,2.0,FALSE,No Action
FB000767,Bottoms,H&M,Summer,L,Green, $93.00 ,0%, $93.00 ,06 August 2025,18,3.7,FALSE,No Action
FB000768,Dresses,Forever21,Spring,XL,Green, $147.00 ,37%, $93.00 ,08 September 2024,37,3.3,FALSE,No Action
FB000769,Tops,Uniqlo,Fall,L,Gray, $30.00 ,0%, $30.00 ,06 August 2025,25,2.5,FALSE,No Action
FB000770,Tops,Zara,Fall,S,White, $104.00 ,2%, $103.00 ,06 August 2025,33,2.0,FALSE,No Action
FB000771,Dresses,H&M,Winter,XS,Blue, $75.00 ,0%, $75.00 ,06 August 2025,2,2.8,FALSE,No Action
FB000772,Bottoms,Gap,Winter,M,Red, $54.00 ,0%, $54.00 ,06 August 2025,18,4.2,FALSE,No Action
FB000773,Shoes,Ann Taylor,Summer,XS,Black, $126.00 ,26%, $93.00 ,06 August 2025,40,1.5,TRUE,Size Issue
FB000774,Shoes,Banana Republic,Summer,XS,Blue, $63.00 ,53%, $30.00 ,06 August 2025,23,3.0,FALSE,No Action
FB000775,Accessories,Uniqlo,Winter,XS,Red, $75.00 ,0%, $75.00 ,06 August 2025,32,3.1,FALSE,No Action
FB000776,Tops,Zara,Fall,M,Brown, $82.00 ,27%, $59.00 ,06 August 2025,9,3.8,FALSE,No Action
FB000777,Bottoms,Banana Republic,Fall,XXL,Green, $46.00 ,0%, $46.00 ,06 August 2025,21,1.1,FALSE,No Action
FB000778,Dresses,Mango,Winter,XXL,Brown, $125.00 ,46%, $68.00 ,06 August 2025,27,1.6,FALSE,No Action
FB000779,Shoes,Mango,Winter,S,Red, $65.00 ,51%, $32.00 ,06 August 2025,23,1.1,FALSE,No Action
FB000780,Dresses,Banana Republic,Summer,XS,Beige, $91.00 ,0%, $91.00 ,06 August 2025,31,1.4,FALSE,No Action
FB000781,Outerwear,H&M,Summer,XS,Pink, $162.00 ,0%, $162.00 ,06 August 2025,0,3.0,FALSE,No Action
FB000782,Outerwear,Mango,Winter,M,Gray, $134.00 ,35%, $86.00 ,06 August 2025,36,3.0,FALSE,No Action
FB000783,Bottoms,Mango,Spring,M,Gray, $77.00 ,39%, $47.00 ,11 July 2025,23,4.3,FALSE,No Action
FB000784,Accessories,Gap,Summer,M,Brown, $49.00 ,60%, $19.00 ,06 August 2025,47,3.0,FALSE,No Action
FB000785,Outerwear,Forever21,Summer,S,Gray, $231.00 ,17%, $191.00 ,06 August 2025,49,2.1,FALSE,No Action
FB000786,Outerwear,Gap,Winter,XL,White, $140.00 ,0%, $140.00 ,06 August 2025,14,3.9,FALSE,No Action
FB000787,Dresses,Ann Taylor,Summer,S,Pink, $117.00 ,28%, $84.00 ,06 August 2025,34,2.8,TRUE,Quality Issue
FB000788,Tops,Ann Taylor,Spring,S,Purple, $83.00 ,0%, $83.00 ,29 August 2024,23,1.9,FALSE,No Action
FB000789,Dresses,H&M,Spring,XL,Navy, $111.00 ,54%, $51.00 ,05 February 2025,19,3.0,FALSE,No Action
FB000790,Bottoms,H&M,Summer,S,White, $25.00 ,0%, $25.00 ,06 August 2025,37,2.8,FALSE,No Action
FB000791,Outerwear,Banana Republic,Fall,XL,Blue, $175.00 ,23%, $135.00 ,06 August 2025,1,3.7,FALSE,No Action
FB000792,Tops,Mango,Summer,XS,Green, $53.00 ,38%, $33.00 ,06 August 2025,33,4.3,FALSE,No Action
FB000793,Outerwear,Banana Republic,Fall,M,Purple, $215.00 ,43%, $122.00 ,06 August 2025,48,2.5,FALSE,No Action
FB000794,Bottoms,Zara,Summer,S,Pink, $78.00 ,21%, $62.00 ,06 August 2025,9,4.4,FALSE,No Action
FB000795,Shoes,Zara,Summer,XXL,Pink, $173.00 ,0%, $173.00 ,06 August 2025,45,2.2,FALSE,No Action
FB000796,Accessories,Zara,Fall,XXL,Blue, $16.00 ,37%, $10.00 ,06 August 2025,34,1.7,FALSE,No Action
FB000797,Outerwear,Forever21,Summer,S,Purple, $128.00 ,0%, $128.00 ,06 August 2025,11,2.3,FALSE,No Action
FB000798,Outerwear,Ann Taylor,Spring,XXL,Green, $131.00 ,0%, $131.00 ,13 September 2024,46,4.6,FALSE,No Action
FB000799,Bottoms,Forever21,Summer,XXL,White, $28.00 ,13%, $24.00 ,06 August 2025,13,3.9,FALSE,No Action
FB000800,Outerwear,Forever21,Winter,XL,Red, $165.00 ,58%, $68.00 ,06 August 2025,29,1.2,FALSE,No Action
FB000801,Tops,Mango,Spring,XL,Gray, $49.00 ,1%, $49.00 ,17 November 2024,22,2.3,FALSE,No Action
FB000802,Tops,Banana Republic,Fall,XL,Black, $98.00 ,19%, $79.00 ,06 August 2025,37,4.1,TRUE,Wrong Item
FB000803,Shoes,Mango,Fall,S,Green, $94.00 ,31%, $65.00 ,06 August 2025,31,1.4,FALSE,No Action
FB000804,Accessories,Forever21,Winter,S,Gray, $23.00 ,0%, $23.00 ,06 August 2025,14,3.9,TRUE,Quality Issue
FB000805,Bottoms,Zara,Fall,S,Beige, $109.00 ,0%, $109.00 ,06 August 2025,0,1.1,FALSE,No Action
FB000806,Accessories,H&M,Fall,S,Blue, $69.00 ,0%, $69.00 ,06 August 2025,7,1.1,TRUE,Color Mismatch
FB000807,Shoes,H&M,Summer,XS,Green, $199.00 ,57%, $84.00 ,06 August 2025,37,3.4,FALSE,No Action
FB000808,Bottoms,Gap,Spring,M,White, $82.00 ,57%, $35.00 ,23 December 2024,41,3.0,FALSE,No Action
FB000809,Bottoms,Uniqlo,Spring,M,Navy, $52.00 ,10%, $47.00 ,16 October 2024,42,3.5,FALSE,No Action
FB000810,Outerwear,Ann Taylor,Fall,S,White, $180.00 ,0%, $180.00 ,06 August 2025,18,2.5,TRUE,Wrong Item
FB000811,Dresses,Ann Taylor,Fall,XL,White, $63.00 ,0%, $63.00 ,06 August 2025,37,2.5,FALSE,No Action
FB000812,Tops,Mango,Spring,XL,Red, $97.00 ,0%, $97.00 ,25 December 2024,9,3.0,FALSE,No Action
FB000813,Bottoms,Zara,Winter,XXL,Pink, $79.00 ,0%, $79.00 ,06 August 2025,37,4.1,FALSE,No Action
FB000814,Dresses,Zara,Winter,M,Red, $82.00 ,0%, $82.00 ,06 August 2025,0,3.0,FALSE,No Action
FB000815,Bottoms,Ann Taylor,Spring,L,Purple, $117.00 ,14%, $101.00 ,02 August 2025,5,4.8,FALSE,No Action
FB000816,Outerwear,Ann Taylor,Spring,XS,Brown, $174.00 ,0%, $174.00 ,13 April 2025,9,3.0,FALSE,No Action
FB000817,Bottoms,Forever21,Spring,XS,Brown, $58.00 ,0%, $58.00 ,07 January 2025,22,2.3,FALSE,No Action
FB000818,Bottoms,H&M,Summer,M,White, $61.00 ,58%, $26.00 ,06 August 2025,3,4.8,FALSE,No Action
FB000819,Accessories,Zara,Winter,M,Pink, $20.00 ,0%, $20.00 ,06 August 2025,20,4.1,FALSE,No Action
FB000820,Bottoms,Zara,Fall,L,Red, $88.00 ,0%, $88.00 ,06 August 2025,50,3.0,FALSE,No Action
FB000821,Bottoms,Ann Taylor,Winter,XXL,Purple, $67.00 ,0%, $67.00 ,06 August 2025,23,1.8,TRUE,Size Issue
FB000822,Accessories,Ann Taylor,Fall,XXL,White, $25.00 ,0%, $25.00 ,06 August 2025,42,1.8,FALSE,No Action
FB000823,Dresses,Forever21,Winter,S,Black, $115.00 ,39%, $70.00 ,06 August 2025,14,3.8,TRUE,Damaged
FB000824,Bottoms,Forever21,Summer,XL,Blue, $103.00 ,16%, $87.00 ,06 August 2025,6,4.9,TRUE,Changed Mind
FB000825,Shoes,Gap,Winter,L,Red, $94.00 ,20%, $75.00 ,06 August 2025,24,3.6,FALSE,No Action
FB000826,Accessories,Ann Taylor,Fall,L,Pink, $23.00 ,0%, $23.00 ,06 August 2025,44,3.1,TRUE,Quality Issue
FB000827,Tops,Gap,Summer,S,Pink, $90.00 ,0%, $90.00 ,06 August 2025,14,1.1,FALSE,No Action
FB000828,Bottoms,H&M,Fall,XXL,Green, $25.00 ,0%, $25.00 ,06 August 2025,33,1.1,TRUE,Color Mismatch
FB000829,Shoes,Ann Taylor,Spring,XL,Gray, $162.00 ,0%, $162.00 ,22 November 2024,47,2.2,TRUE,Wrong Item
FB000830,Accessories,H&M,Winter,XL,Black, $50.00 ,9%, $45.00 ,06 August 2025,14,1.3,FALSE,No Action
FB000831,Shoes,Uniqlo,Spring,XL,Pink, $60.00 ,0%, $60.00 ,29 April 2025,0,3.0,FALSE,No Action
FB000832,Tops,Uniqlo,Summer,XXL,Black, $103.00 ,0%, $103.00 ,06 August 2025,29,3.7,FALSE,No Action
FB000833,Bottoms,Gap,Spring,L,Beige, $75.00 ,0%, $75.00 ,27 January 2025,41,3.0,TRUE,Changed Mind
FB000834,Shoes,H&M,Winter,S,Pink, $88.00 ,0%, $88.00 ,06 August 2025,2,1.9,FALSE,No Action
FB000835,Dresses,Ann Taylor,Winter,XS,Red, $69.00 ,0%, $69.00 ,06 August 2025,21,3.0,FALSE,No Action
FB000836,Outerwear,Mango,Winter,XS,Pink, $209.00 ,0%, $209.00 ,06 August 2025,48,2.6,FALSE,No Action
FB000837,Shoes,H&M,Fall,XXL,Beige, $97.00 ,0%, $97.00 ,06 August 2025,35,2.0,FALSE,No Action
FB000838,Dresses,Uniqlo,Winter,XS,White, $154.00 ,0%, $154.00 ,06 August 2025,38,4.5,TRUE,Changed Mind
FB000839,Bottoms,Zara,Summer,XL,White, $81.00 ,38%, $50.00 ,06 August 2025,31,1.2,FALSE,No Action
FB000840,Accessories,Mango,Winter,XL,Brown, $48.00 ,0%, $48.00 ,06 August 2025,46,4.8,FALSE,No Action
FB000841,Tops,Banana Republic,Fall,S,Green, $70.00 ,0%, $70.00 ,06 August 2025,5,3.7,FALSE,No Action
FB000842,Outerwear,Forever21,Fall,S,Gray, $103.00 ,0%, $103.00 ,06 August 2025,12,1.8,FALSE,No Action
FB000843,Outerwear,Uniqlo,Spring,L,Purple, $138.00 ,0%, $138.00 ,30 January 2025,10,3.0,FALSE,No Action
FB000844,Accessories,H&M,Winter,L,Green, $73.00 ,32%, $49.00 ,06 August 2025,17,3.0,TRUE,Wrong Item
FB000845,Bottoms,Zara,Spring,M,Purple, $82.00 ,0%, $82.00 ,04 June 2025,49,3.3,FALSE,No Action
FB000846,Dresses,Ann Taylor,Summer,XS,Navy, $81.00 ,18%, $67.00 ,06 August 2025,28,4.7,FALSE,No Action
FB000847,Dresses,Banana Republic,Winter,XXL,Navy, $107.00 ,11%, $95.00 ,06 August 2025,6,3.0,FALSE,No Action
FB000848,Bottoms,H&M,Summer,XL,Pink, $103.00 ,19%, $83.00 ,06 August 2025,6,4.0,FALSE,No Action
FB000849,Tops,Gap,Fall,L,Blue, $100.00 ,18%, $82.00 ,06 August 2025,19,3.0,FALSE,No Action
FB000850,Shoes,Ann Taylor,Winter,XL,White, $160.00 ,54%, $74.00 ,06 August 2025,18,3.0,FALSE,No Action
FB000851,Accessories,Mango,Fall,XL,White, $78.00 ,0%, $78.00 ,06 August 2025,7,4.2,FALSE,No Action
FB000852,Outerwear,Zara,Spring,S,Beige, $168.00 ,23%, $129.00 ,04 June 2025,3,2.0,FALSE,No Action
FB000853,Shoes,Banana Republic,Winter,S,Navy, $128.00 ,0%, $128.00 ,06 August 2025,20,2.5,FALSE,No Action
FB000854,Dresses,Uniqlo,Spring,XL,Gray, $138.00 ,3%, $134.00 ,04 April 2025,34,4.1,FALSE,No Action
FB000855,Dresses,Uniqlo,Fall,M,Navy, $52.00 ,0%, $52.00 ,06 August 2025,16,1.7,FALSE,No Action
FB000856,Shoes,H&M,Winter,XS,White, $171.00 ,0%, $171.00 ,06 August 2025,12,4.8,FALSE,No Action
FB000857,Tops,Mango,Fall,XXL,Brown, $81.00 ,1%, $80.00 ,06 August 2025,10,4.9,FALSE,No Action
FB000858,Accessories,Banana Republic,Spring,XXL,Blue, $31.00 ,44%, $17.00 ,13 September 2024,11,3.4,FALSE,No Action
FB000859,Bottoms,Gap,Spring,S,Red, $93.00 ,0%, $93.00 ,03 February 2025,3,1.8,FALSE,No Action
FB000860,Bottoms,Uniqlo,Spring,XL,Gray, $54.00 ,0%, $54.00 ,22 September 2024,12,3.2,FALSE,No Action
FB000861,Dresses,Zara,Winter,L,Red, $140.00 ,0%, $140.00 ,06 August 2025,23,2.8,TRUE,Changed Mind
FB000862,Tops,Banana Republic,Fall,M,Red, $51.00 ,17%, $43.00 ,06 August 2025,30,1.5,FALSE,No Action
FB000863,Dresses,Mango,Spring,S,Purple, $136.00 ,44%, $75.00 ,21 November 2024,49,3.0,FALSE,No Action
FB000864,Accessories,H&M,Summer,S,Brown, $71.00 ,0%, $71.00 ,06 August 2025,14,2.8,FALSE,No Action
FB000865,Outerwear,Forever21,Spring,S,Navy, $241.00 ,45%, $132.00 ,15 May 2025,23,2.1,FALSE,No Action
FB000866,Outerwear,Gap,Fall,XXL,Blue, $198.00 ,51%, $96.00 ,06 August 2025,38,3.0,FALSE,No Action
FB000867,Bottoms,Ann Taylor,Winter,XXL,Beige, $64.00 ,0%, $64.00 ,06 August 2025,34,3.0,FALSE,No Action
FB000868,Bottoms,Zara,Fall,XL,Gray, $110.00 ,10%, $98.00 ,06 August 2025,36,1.6,FALSE,No Action
FB000869,Outerwear,Forever21,Spring,XS,Blue, $120.00 ,0%, $120.00 ,21 December 2024,6,1.9,FALSE,No Action
FB000870,Accessories,Zara,Fall,XS,Black, $69.00 ,31%, $47.00 ,06 August 2025,9,2.7,TRUE,Size Issue
FB000871,Dresses,Ann Taylor,Fall,L,Red, $134.00 ,0%, $134.00 ,06 August 2025,36,4.8,FALSE,No Action
FB000872,Tops,Uniqlo,Spring,S,Black, $29.00 ,0%, $29.00 ,10 October 2024,13,3.0,FALSE,No Action
FB000873,Accessories,Gap,Winter,S,White, $56.00 ,0%, $56.00 ,06 August 2025,21,4.9,FALSE,No Action
FB000874,Shoes,Gap,Fall,XS,Green, $124.00 ,33%, $83.00 ,06 August 2025,45,2.4,FALSE,No Action
FB000875,Dresses,Zara,Spring,M,White, $94.00 ,56%, $41.00 ,16 December 2024,16,1.2,FALSE,No Action
FB000876,Shoes,Zara,Fall,XS,Red, $109.00 ,8%, $100.00 ,06 August 2025,12,3.0,FALSE,No Action
FB000877,Accessories,Mango,Winter,XS,Navy, $31.00 ,0%, $31.00 ,06 August 2025,29,4.7,FALSE,No Action
FB000878,Accessories,Banana Republic,Fall,XS,Blue, $66.00 ,2%, $65.00 ,06 August 2025,28,1.6,FALSE,No Action
FB000879,Bottoms,H&M,Winter,M,Red, $66.00 ,28%, $47.00 ,06 August 2025,32,2.0,FALSE,No Action
FB000880,Bottoms,Mango,Spring,L,Green, $117.00 ,0%, $117.00 ,28 September 2024,18,1.2,FALSE,No Action
FB000881,Shoes,Banana Republic,Winter,M,Purple, $174.00 ,0%, $174.00 ,06 August 2025,45,3.0,FALSE,No Action
FB000882,Dresses,Zara,Winter,S,Green, $152.00 ,0%, $152.00 ,06 August 2025,27,3.7,FALSE,No Action
FB000883,Outerwear,Ann Taylor,Summer,XL,Blue, $83.00 ,0%, $83.00 ,06 August 2025,16,3.0,FALSE,No Action
FB000884,Accessories,Zara,Winter,XL,Brown, $40.00 ,0%, $40.00 ,06 August 2025,27,4.7,FALSE,No Action
FB000885,Bottoms,Mango,Spring,XL,Red, $73.00 ,23%, $56.00 ,18 August 2024,0,3.0,FALSE,No Action
FB000886,Accessories,Forever21,Winter,XL,Red, $71.00 ,0%, $71.00 ,06 August 2025,29,3.0,FALSE,No Action
FB000887,Accessories,Forever21,Summer,XL,Beige, $50.00 ,53%, $23.00 ,06 August 2025,11,3.0,FALSE,No Action
FB000888,Accessories,H&M,Spring,XL,Green, $46.00 ,0%, $46.00 ,24 February 2025,33,2.6,FALSE,No Action
FB000889,Shoes,Zara,Fall,XL,Brown, $162.00 ,0%, $162.00 ,06 August 2025,30,1.9,FALSE,No Action
FB000890,Bottoms,Forever21,Winter,XL,White, $57.00 ,0%, $57.00 ,06 August 2025,39,1.4,FALSE,No Action
FB000891,Shoes,Ann Taylor,Spring,L,Purple, $93.00 ,0%, $93.00 ,09 September 2024,49,4.3,FALSE,No Action
FB000892,Accessories,Forever21,Spring,L,Brown, $64.00 ,43%, $36.00 ,06 August 2024,36,3.9,FALSE,No Action
FB000893,Outerwear,Ann Taylor,Winter,S,Navy, $142.00 ,0%, $142.00 ,06 August 2025,43,3.0,FALSE,No Action
FB000894,Shoes,Gap,Spring,XS,White, $111.00 ,58%, $46.00 ,19 May 2025,11,2.2,FALSE,No Action
FB000895,Tops,Banana Republic,Winter,XS,Black, $29.00 ,49%, $14.00 ,06 August 2025,31,3.0,FALSE,No Action
FB000896,Tops,Ann Taylor,Summer,XS,Black, $30.00 ,0%, $30.00 ,06 August 2025,19,1.2,FALSE,No Action
FB000897,Accessories,Forever21,Winter,XS,Blue, $31.00 ,0%, $31.00 ,06 August 2025,28,2.7,FALSE,No Action
FB000898,Bottoms,Uniqlo,Spring,M,Pink, $61.00 ,0%, $61.00 ,30 July 2025,24,3.5,FALSE,No Action
FB000899,Outerwear,Zara,Summer,M,Green, $126.00 ,0%, $126.00 ,06 August 2025,1,4.7,FALSE,No Action
FB000900,Outerwear,Uniqlo,Winter,L,White, $147.00 ,0%, $147.00 ,06 August 2025,33,4.7,TRUE,Quality Issue
FB000901,Accessories,Banana Republic,Summer,L,Red, $36.00 ,12%, $32.00 ,06 August 2025,14,4.8,FALSE,No Action
FB000902,Shoes,H&M,Fall,M,Pink, $172.00 ,0%, $172.00 ,06 August 2025,33,2.3,FALSE,No Action
FB000903,Accessories,H&M,Spring,M,Pink, $53.00 ,16%, $45.00 ,01 October 2024,32,3.0,FALSE,No Action
FB000904,Shoes,Mango,Summer,XS,Beige, $80.00 ,0%, $80.00 ,06 August 2025,7,1.9,FALSE,No Action
FB000905,Accessories,Mango,Fall,XS,Pink, $51.00 ,0%, $51.00 ,06 August 2025,35,3.7,TRUE,Damaged
FB000906,Bottoms,Mango,Spring,XL,Pink, $107.00 ,38%, $66.00 ,11 July 2025,21,2.9,FALSE,No Action
FB000907,Shoes,H&M,Fall,XXL,Green, $174.00 ,50%, $87.00 ,06 August 2025,7,4.9,FALSE,No Action
FB000908,Dresses,Forever21,Spring,S,Blue, $90.00 ,53%, $42.00 ,28 July 2025,37,2.2,FALSE,No Action
FB000909,Shoes,Forever21,Summer,XXL,Green, $94.00 ,17%, $79.00 ,06 August 2025,39,4.8,FALSE,No Action
FB000910,Shoes,Banana Republic,Winter,XS,Gray, $179.00 ,0%, $179.00 ,06 August 2025,28,2.4,TRUE,Damaged
FB000911,Tops,Uniqlo,Spring,XS,Brown, $101.00 ,24%, $77.00 ,21 May 2025,29,3.6,FALSE,No Action
FB000912,Bottoms,Banana Republic,Spring,S,Green, $27.00 ,16%, $22.00 ,08 December 2024,10,2.4,TRUE,Changed Mind
FB000913,Outerwear,Gap,Summer,S,Black, $141.00 ,0%, $141.00 ,06 August 2025,2,2.4,TRUE,Color Mismatch
FB000914,Shoes,Gap,Spring,S,Beige, $156.00 ,37%, $98.00 ,13 April 2025,45,2.9,TRUE,Size Issue
FB000915,Tops,Forever21,Summer,XS,Brown, $81.00 ,0%, $81.00 ,06 August 2025,41,2.4,FALSE,No Action
FB000916,Bottoms,H&M,Fall,L,Black, $36.00 ,20%, $29.00 ,06 August 2025,39,1.8,FALSE,No Action
FB000917,Outerwear,Ann Taylor,Fall,S,Pink, $155.00 ,0%, $155.00 ,06 August 2025,9,3.0,FALSE,No Action
FB000918,Bottoms,Uniqlo,Fall,XL,Red, $84.00 ,28%, $60.00 ,06 August 2025,3,1.0,FALSE,No Action
FB000919,Shoes,Gap,Fall,XS,Brown, $98.00 ,56%, $43.00 ,06 August 2025,22,4.5,FALSE,No Action
FB000920,Accessories,Ann Taylor,Summer,XS,White, $52.00 ,59%, $21.00 ,06 August 2025,50,3.4,TRUE,Size Issue
FB000921,Bottoms,Uniqlo,Spring,L,Red, $39.00 ,0%, $39.00 ,18 April 2025,24,2.4,FALSE,No Action
FB000922,Accessories,Ann Taylor,Spring,L,Green, $40.00 ,0%, $40.00 ,05 June 2025,22,4.5,FALSE,No Action
FB000923,Outerwear,Ann Taylor,Summer,L,Navy, $245.00 ,0%, $245.00 ,06 August 2025,12,3.0,TRUE,Changed Mind
FB000924,Bottoms,Zara,Winter,XL,Gray, $102.00 ,0%, $102.00 ,06 August 2025,6,3.8,FALSE,No Action
FB000925,Tops,Ann Taylor,Summer,M,Gray, $76.00 ,0%, $76.00 ,06 August 2025,15,2.0,TRUE,Wrong Item
FB000926,Accessories,Zara,Spring,M,Gray, $51.00 ,39%, $31.00 ,17 March 2025,37,2.5,FALSE,No Action
FB000927,Outerwear,Zara,Spring,XXL,Pink, $141.00 ,13%, $123.00 ,02 October 2024,23,1.7,FALSE,No Action
FB000928,Accessories,Uniqlo,Spring,XXL,Black, $66.00 ,0%, $66.00 ,23 May 2025,20,1.7,FALSE,No Action
FB000929,Tops,Banana Republic,Summer,M,Navy, $35.00 ,0%, $35.00 ,06 August 2025,38,2.2,FALSE,No Action
FB000930,Accessories,H&M,Spring,M,Pink, $35.00 ,41%, $20.00 ,20 March 2025,4,3.7,FALSE,No Action
FB000931,Accessories,Forever21,Summer,M,Green, $35.00 ,0%, $35.00 ,06 August 2025,48,5.0,TRUE,Color Mismatch
FB000932,Bottoms,Ann Taylor,Summer,L,Red, $86.00 ,0%, $86.00 ,06 August 2025,2,3.0,FALSE,No Action
FB000933,Accessories,H&M,Fall,L,Pink, $17.00 ,0%, $17.00 ,06 August 2025,9,1.2,FALSE,No Action
FB000934,Outerwear,Uniqlo,Fall,XXL,Pink, $87.00 ,13%, $76.00 ,06 August 2025,4,4.5,FALSE,No Action
FB000935,Outerwear,Mango,Spring,XS,Gray, $216.00 ,0%, $216.00 ,16 April 2025,26,1.1,FALSE,No Action
FB000936,Outerwear,Mango,Summer,S,Black, $238.00 ,0%, $238.00 ,06 August 2025,49,3.0,FALSE,No Action
FB000937,Shoes,Uniqlo,Winter,XXL,Pink, $112.00 ,0%, $112.00 ,06 August 2025,11,4.1,FALSE,No Action
FB000938,Accessories,Gap,Winter,XXL,Navy, $39.00 ,45%, $21.00 ,06 August 2025,29,3.4,FALSE,No Action
FB000939,Tops,Ann Taylor,Spring,XXL,Purple, $69.00 ,0%, $69.00 ,09 November 2024,29,5.0,FALSE,No Action
FB000940,Dresses,H&M,Spring,M,Purple, $124.00 ,48%, $64.00 ,03 May 2025,22,3.2,FALSE,No Action
FB000941,Dresses,Banana Republic,Summer,M,Purple, $83.00 ,29%, $59.00 ,06 August 2025,20,2.1,TRUE,Quality Issue
FB000942,Outerwear,Forever21,Fall,XS,Beige, $180.00 ,0%, $180.00 ,06 August 2025,10,3.8,FALSE,No Action
FB000943,Shoes,Forever21,Spring,XXL,Brown, $120.00 ,0%, $120.00 ,24 December 2024,27,4.1,FALSE,No Action
FB000944,Outerwear,Forever21,Summer,XL,Red, $225.00 ,0%, $225.00 ,06 August 2025,50,1.9,TRUE,Size Issue
FB000945,Dresses,Mango,Summer,L,Green, $115.00 ,0%, $115.00 ,06 August 2025,32,3.0,FALSE,No Action
FB000946,Accessories,Gap,Fall,L,Blue, $21.00 ,19%, $17.00 ,06 August 2025,22,1.3,FALSE,No Action
FB000947,Bottoms,Zara,Spring,XXL,Black, $52.00 ,0%, $52.00 ,22 April 2025,35,3.0,FALSE,No Action
FB000948,Accessories,Ann Taylor,Fall,XXL,Gray, $73.00 ,0%, $73.00 ,06 August 2025,22,2.3,FALSE,No Action
FB000949,Accessories,Ann Taylor,Spring,XXL,Purple, $70.00 ,0%, $70.00 ,12 May 2025,0,1.4,FALSE,No Action
FB000950,Accessories,Gap,Fall,XXL,White, $58.00 ,0%, $58.00 ,06 August 2025,39,4.0,FALSE,No Action
FB000951,Outerwear,Forever21,Winter,L,Purple, $104.00 ,17%, $87.00 ,06 August 2025,43,4.3,FALSE,No Action
FB000952,Accessories,Forever21,Fall,L,Blue, $55.00 ,0%, $55.00 ,06 August 2025,17,2.5,FALSE,No Action
FB000953,Bottoms,Gap,Summer,XS,Black, $56.00 ,34%, $37.00 ,06 August 2025,23,4.3,FALSE,No Action
FB000954,Shoes,Uniqlo,Fall,XS,Pink, $199.00 ,0%, $199.00 ,06 August 2025,18,3.0,FALSE,No Action
FB000955,Shoes,Zara,Fall,M,Pink, $128.00 ,0%, $128.00 ,06 August 2025,8,2.2,FALSE,No Action
FB000956,Outerwear,Uniqlo,Fall,XL,Beige, $150.00 ,52%, $72.00 ,06 August 2025,15,5.0,FALSE,No Action
FB000957,Dresses,Forever21,Winter,M,Pink, $162.00 ,0%, $162.00 ,06 August 2025,36,1.4,FALSE,No Action
FB000958,Bottoms,Mango,Summer,XXL,White, $28.00 ,0%, $28.00 ,06 August 2025,5,4.6,FALSE,No Action
FB000959,Accessories,Forever21,Spring,XXL,Pink, $75.00 ,39%, $46.00 ,29 March 2025,43,1.1,FALSE,No Action
FB000960,Tops,Zara,Spring,S,Brown, $30.00 ,6%, $29.00 ,06 November 2024,25,1.4,FALSE,No Action
FB000961,Outerwear,Mango,Summer,S,Blue, $101.00 ,0%, $101.00 ,06 August 2025,35,3.5,FALSE,No Action
FB000962,Dresses,Forever21,Fall,S,White, $54.00 ,0%, $54.00 ,06 August 2025,41,1.2,TRUE,Wrong Item
FB000963,Shoes,H&M,Summer,M,Navy, $191.00 ,42%, $110.00 ,06 August 2025,28,4.0,FALSE,No Action
FB000964,Tops,Mango,Summer,XXL,Pink, $100.00 ,0%, $100.00 ,06 August 2025,12,2.7,TRUE,Damaged
FB000965,Shoes,Mango,Spring,XXL,Green, $92.00 ,24%, $70.00 ,28 November 2024,32,2.2,FALSE,No Action
FB000966,Shoes,Ann Taylor,Summer,M,Gray, $161.00 ,57%, $69.00 ,06 August 2025,8,2.1,FALSE,No Action
FB000967,Dresses,Mango,Winter,XS,Gray, $68.00 ,6%, $63.00 ,06 August 2025,43,3.4,FALSE,No Action
FB000968,Shoes,Ann Taylor,Fall,XS,Purple, $121.00 ,47%, $63.00 ,06 August 2025,45,3.0,TRUE,Changed Mind
FB000969,Tops,Zara,Winter,L,Blue, $69.00 ,29%, $49.00 ,06 August 2025,42,3.7,FALSE,No Action
FB000970,Outerwear,Banana Republic,Winter,XS,White, $222.00 ,19%, $180.00 ,06 August 2025,47,3.0,FALSE,No Action
FB000971,Bottoms,Forever21,Fall,XXL,Pink, $25.00 ,54%, $11.00 ,06 August 2025,34,2.4,FALSE,No Action
FB000972,Dresses,Mango,Summer,XL,Blue, $54.00 ,7%, $50.00 ,06 August 2025,17,1.7,FALSE,No Action
FB000973,Bottoms,Forever21,Winter,S,Pink, $43.00 ,0%, $43.00 ,06 August 2025,0,2.6,FALSE,No Action
FB000974,Accessories,Forever21,Winter,S,Red, $75.00 ,0%, $75.00 ,06 August 2025,41,3.5,FALSE,No Action
FB000975,Dresses,Uniqlo,Spring,XS,Red, $167.00 ,0%, $167.00 ,18 August 2024,4,1.3,FALSE,No Action
FB000976,Shoes,Banana Republic,Fall,L,Blue, $111.00 ,34%, $73.00 ,06 August 2025,3,2.2,FALSE,No Action
FB000977,Bottoms,Uniqlo,Fall,XXL,Navy, $59.00 ,0%, $59.00 ,06 August 2025,16,3.0,FALSE,No Action
FB000978,Shoes,Banana Republic,Fall,S,Navy, $199.00 ,0%, $199.00 ,06 August 2025,15,1.4,FALSE,No Action
FB000979,Shoes,Forever21,Fall,M,White, $72.00 ,50%, $36.00 ,06 August 2025,28,3.6,FALSE,No Action
FB000980,Bottoms,Mango,Fall,XS,Pink, $86.00 ,28%, $62.00 ,06 August 2025,47,1.1,FALSE,No Action
FB000981,Accessories,Forever21,Spring,XS,Blue, $52.00 ,40%, $31.00 ,15 November 2024,7,2.7,FALSE,No Action
FB000982,Outerwear,Banana Republic,Fall,L,Black, $104.00 ,0%, $104.00 ,06 August 2025,12,5.0,FALSE,No Action
FB000983,Outerwear,H&M,Winter,L,Red, $132.00 ,58%, $55.00 ,06 August 2025,24,3.0,FALSE,No Action
FB000984,Shoes,H&M,Fall,XL,Pink, $64.00 ,0%, $64.00 ,06 August 2025,40,4.9,FALSE,No Action
FB000985,Bottoms,Zara,Summer,XL,Gray, $34.00 ,0%, $34.00 ,06 August 2025,25,4.2,TRUE,Wrong Item
FB000986,Bottoms,Zara,Winter,XXL,Red, $43.00 ,45%, $23.00 ,06 August 2025,1,3.4,FALSE,No Action
FB000987,Outerwear,Uniqlo,Spring,XL,White, $122.00 ,0%, $122.00 ,06 November 2024,41,2.9,FALSE,No Action
FB000988,Shoes,Zara,Spring,S,Gray, $142.00 ,0%, $142.00 ,14 February 2025,36,3.0,FALSE,No Action
FB000989,Shoes,Gap,Summer,XXL,Black, $131.00 ,0%, $131.00 ,06 August 2025,45,1.8,FALSE,No Action
FB000990,Outerwear,Zara,Spring,S,Red, $192.00 ,0%, $192.00 ,17 April 2025,16,1.2,FALSE,No Action
FB000991,Accessories,Ann Taylor,Spring,S,Purple, $33.00 ,0%, $33.00 ,27 March 2025,24,3.0,FALSE,No Action
FB000992,Accessories,Uniqlo,Summer,S,Blue, $59.00 ,0%, $59.00 ,06 August 2025,29,1.3,FALSE,No Action
FB000993,Shoes,Gap,Fall,S,Gray, $109.00 ,21%, $86.00 ,06 August 2025,28,2.0,TRUE,Changed Mind
FB000994,Bottoms,Ann Taylor,Fall,S,Beige, $59.00 ,0%, $59.00 ,06 August 2025,47,4.6,FALSE,No Action
FB000995,Shoes,Gap,Spring,M,Purple, $99.00 ,0%, $99.00 ,21 May 2025,16,3.9,FALSE,No Action
FB000996,Dresses,Ann Taylor,Winter,XL,Navy, $92.00 ,0%, $92.00 ,06 August 2025,29,3.0,TRUE,Changed Mind
FB000997,Tops,Zara,Summer,S,Beige, $116.00 ,0%, $116.00 ,06 August 2025,34,3.0,FALSE,No Action
FB000998,Outerwear,Ann Taylor,Summer,XL,Green, $129.00 ,10%, $117.00 ,06 August 2025,17,4.0,FALSE,No Action
FB000999,Dresses,Banana Republic,Spring,XS,Brown, $135.00 ,3%, $131.00 ,29 August 2024,16,3.0,FALSE,No Action
FB001000,Dresses,Gap,Fall,XS,Red, $48.00 ,28%, $34.00 ,06 August 2025,41,3.0,FALSE,No Action
FB001001,Dresses,Mango,Fall,XS,Blue, $142.00 ,48%, $74.00 ,06 August 2025,7,3.0,FALSE,No Action
FB001002,Tops,Forever21,Spring,L,Beige, $51.00 ,0%, $51.00 ,14 February 2025,50,3.0,FALSE,No Action
FB001003,Accessories,Zara,Fall,L,Brown, $18.00 ,38%, $11.00 ,06 August 2025,14,1.1,FALSE,No Action
FB001004,Outerwear,Mango,Spring,L,Navy, $214.00 ,29%, $152.00 ,06 September 2024,32,2.8,TRUE,Wrong Item
FB001005,Accessories,Gap,Spring,L,Red, $20.00 ,0%, $20.00 ,17 August 2024,31,2.0,FALSE,No Action
FB001006,Accessories,Gap,Summer,L,Pink, $77.00 ,0%, $77.00 ,06 August 2025,39,4.8,FALSE,No Action
FB001007,Accessories,Zara,Fall,L,Purple, $73.00 ,35%, $47.00 ,06 August 2025,45,2.1,FALSE,No Action
FB001008,Accessories,Forever21,Fall,L,Purple, $75.00 ,26%, $55.00 ,06 August 2025,31,1.9,TRUE,Color Mismatch
FB001009,Bottoms,Gap,Fall,XS,Black, $46.00 ,24%, $35.00 ,06 August 2025,8,3.2,FALSE,No Action
FB001010,Dresses,Mango,Fall,XXL,Pink, $108.00 ,0%, $108.00 ,06 August 2025,21,3.0,FALSE,No Action
FB001011,Dresses,Zara,Spring,L,Red, $62.00 ,0%, $62.00 ,08 October 2024,36,2.1,FALSE,No Action
FB001012,Tops,Zara,Summer,S,Pink, $57.00 ,57%, $24.00 ,06 August 2025,46,3.1,FALSE,No Action
FB001013,Outerwear,H&M,Winter,XXL,Green, $153.00 ,0%, $153.00 ,06 August 2025,31,2.9,TRUE,Damaged
FB001014,Shoes,Mango,Winter,XL,Purple, $101.00 ,0%, $101.00 ,06 August 2025,43,2.8,FALSE,No Action
FB001015,Bottoms,Ann Taylor,Spring,XXL,Brown, $43.00 ,16%, $37.00 ,30 April 2025,31,1.7,TRUE,Wrong Item
FB001016,Outerwear,Zara,Winter,S,Gray, $130.00 ,48%, $68.00 ,06 August 2025,21,3.0,FALSE,No Action
FB001017,Dresses,Gap,Winter,L,Black, $153.00 ,0%, $153.00 ,06 August 2025,27,3.3,FALSE,No Action
FB001018,Tops,Forever21,Summer,XXL,Blue, $37.00 ,12%, $32.00 ,06 August 2025,43,3.2,FALSE,No Action
FB001019,Tops,Mango,Summer,XXL,Purple, $41.00 ,0%, $41.00 ,06 August 2025,24,3.0,FALSE,No Action
FB001020,Shoes,Forever21,Fall,M,Navy, $61.00 ,0%, $61.00 ,06 August 2025,43,1.9,FALSE,No Action
FB001021,Tops,Ann Taylor,Summer,S,Black, $97.00 ,0%, $97.00 ,06 August 2025,35,3.0,FALSE,No Action
FB001022,Accessories,Uniqlo,Summer,S,Red, $63.00 ,0%, $63.00 ,06 August 2025,4,3.9,FALSE,No Action
FB001023,Tops,Mango,Fall,S,Gray, $117.00 ,0%, $117.00 ,06 August 2025,14,3.2,FALSE,No Action
FB001024,Tops,Banana Republic,Spring,S,Brown, $32.00 ,0%, $32.00 ,08 July 2025,6,4.6,FALSE,No Action
FB001025,Bottoms,Ann Taylor,Spring,L,Blue, $102.00 ,39%, $63.00 ,10 May 2025,14,4.0,FALSE,No Action
FB001026,Shoes,Gap,Spring,XXL,Navy, $155.00 ,32%, $105.00 ,02 October 2024,5,2.0,FALSE,No Action
FB001027,Outerwear,Gap,Fall,L,Purple, $178.00 ,0%, $178.00 ,06 August 2025,29,4.2,FALSE,No Action
FB001028,Outerwear,H&M,Spring,XL,Gray, $151.00 ,0%, $151.00 ,22 March 2025,24,2.4,FALSE,No Action
FB001029,Tops,Forever21,Summer,XXL,Beige, $91.00 ,55%, $40.00 ,06 August 2025,2,2.5,FALSE,No Action
FB001030,Tops,H&M,Fall,M,Gray, $89.00 ,41%, $52.00 ,06 August 2025,50,3.0,FALSE,No Action
FB001031,Dresses,Ann Taylor,Summer,S,Green, $147.00 ,0%, $147.00 ,06 August 2025,10,4.3,FALSE,No Action
FB001032,Dresses,Banana Republic,Summer,XL,Blue, $79.00 ,0%, $79.00 ,06 August 2025,25,1.5,FALSE,No Action
FB001033,Dresses,H&M,Fall,XS,Beige, $86.00 ,0%, $86.00 ,06 August 2025,40,2.7,FALSE,No Action
FB001034,Tops,Banana Republic,Summer,XXL,Brown, $47.00 ,40%, $28.00 ,06 August 2025,26,4.4,FALSE,No Action
FB001035,Outerwear,Forever21,Spring,L,Navy, $196.00 ,23%, $152.00 ,12 May 2025,33,1.4,FALSE,No Action
FB001036,Tops,Zara,Spring,XXL,Gray, $72.00 ,0%, $72.00 ,31 January 2025,23,1.6,FALSE,No Action
FB001037,Tops,Gap,Summer,XXL,Beige, $115.00 ,0%, $115.00 ,06 August 2025,36,3.0,TRUE,Quality Issue
FB001038,Accessories,H&M,Summer,XXL,Gray, $68.00 ,8%, $62.00 ,06 August 2025,28,4.0,FALSE,No Action
FB001039,Tops,Mango,Fall,XXL,Black, $91.00 ,0%, $91.00 ,06 August 2025,20,2.1,FALSE,No Action
FB001040,Outerwear,Forever21,Fall,XXL,Purple, $100.00 ,16%, $83.00 ,06 August 2025,17,4.6,FALSE,No Action
FB001041,Tops,Gap,Fall,XS,Navy, $100.00 ,0%, $100.00 ,06 August 2025,39,1.2,FALSE,No Action
FB001042,Accessories,Gap,Spring,XS,White, $50.00 ,29%, $35.00 ,04 February 2025,33,4.4,FALSE,No Action
FB001043,Bottoms,Zara,Summer,XL,Black, $33.00 ,0%, $33.00 ,06 August 2025,41,3.3,FALSE,No Action
FB001044,Accessories,H&M,Spring,XL,Navy, $67.00 ,0%, $67.00 ,25 September 2024,7,3.3,FALSE,No Action
FB001045,Bottoms,Banana Republic,Summer,S,Black, $93.00 ,56%, $41.00 ,06 August 2025,36,1.1,FALSE,No Action
FB001046,Tops,Banana Republic,Fall,XS,Black, $34.00 ,11%, $30.00 ,06 August 2025,46,3.4,FALSE,No Action
FB001047,Outerwear,Ann Taylor,Summer,M,Black, $235.00 ,0%, $235.00 ,06 August 2025,11,4.7,TRUE,Size Issue
FB001048,Tops,Uniqlo,Spring,XS,Red, $25.00 ,0%, $25.00 ,10 August 2024,29,3.7,FALSE,No Action
FB001049,Tops,Gap,Winter,XL,Gray, $71.00 ,0%, $71.00 ,06 August 2025,18,4.3,FALSE,No Action
FB001050,Dresses,Banana Republic,Summer,XL,White, $98.00 ,0%, $98.00 ,06 August 2025,46,3.7,FALSE,No Action
FB001051,Dresses,Forever21,Spring,S,Blue, $171.00 ,0%, $171.00 ,23 July 2025,34,3.0,FALSE,No Action
FB001052,Dresses,Forever21,Winter,XS,White, $155.00 ,0%, $155.00 ,06 August 2025,48,3.8,FALSE,No Action
FB001053,Outerwear,Mango,Fall,L,Green, $198.00 ,0%, $198.00 ,06 August 2025,40,2.2,FALSE,No Action
FB001054,Shoes,Ann Taylor,Spring,M,Black, $175.00 ,18%, $144.00 ,29 January 2025,4,4.0,FALSE,No Action
FB001055,Outerwear,Forever21,Summer,M,Pink, $100.00 ,0%, $100.00 ,06 August 2025,12,3.5,FALSE,No Action
FB001056,Outerwear,Zara,Winter,XXL,Beige, $88.00 ,0%, $88.00 ,06 August 2025,36,3.0,FALSE,No Action
FB001057,Outerwear,H&M,Fall,XXL,Navy, $205.00 ,0%, $205.00 ,06 August 2025,3,4.8,FALSE,No Action
FB001058,Accessories,Uniqlo,Fall,XXL,Pink, $29.00 ,1%, $28.00 ,06 August 2025,12,1.1,TRUE,Color Mismatch
FB001059,Accessories,Gap,Summer,XXL,Brown, $68.00 ,0%, $68.00 ,06 August 2025,2,2.4,FALSE,No Action
FB001060,Tops,Forever21,Summer,L,Purple, $91.00 ,60%, $37.00 ,06 August 2025,2,4.3,FALSE,No Action
FB001061,Dresses,H&M,Summer,XS,Black, $96.00 ,0%, $96.00 ,06 August 2025,6,1.9,FALSE,No Action
FB001062,Bottoms,H&M,Winter,S,Pink, $35.00 ,58%, $15.00 ,06 August 2025,11,1.8,FALSE,No Action
FB001063,Shoes,Uniqlo,Winter,XS,Green, $118.00 ,38%, $73.00 ,06 August 2025,36,1.1,TRUE,Color Mismatch
FB001064,Shoes,H&M,Spring,XL,Red, $62.00 ,10%, $56.00 ,15 April 2025,32,2.9,FALSE,No Action
FB001065,Shoes,Forever21,Summer,M,Brown, $153.00 ,56%, $68.00 ,06 August 2025,46,4.2,TRUE,Wrong Item
FB001066,Tops,Ann Taylor,Summer,L,Green, $71.00 ,50%, $36.00 ,06 August 2025,33,3.0,TRUE,Color Mismatch
FB001067,Dresses,Ann Taylor,Spring,S,Black, $107.00 ,56%, $47.00 ,15 February 2025,19,4.4,FALSE,No Action
FB001068,Shoes,Zara,Spring,XL,Blue, $137.00 ,0%, $137.00 ,02 April 2025,34,4.0,FALSE,No Action
FB001069,Tops,Banana Republic,Winter,M,White, $119.00 ,0%, $119.00 ,06 August 2025,3,3.0,FALSE,No Action
FB001070,Tops,Mango,Spring,M,Navy, $104.00 ,0%, $104.00 ,21 December 2024,29,3.0,FALSE,No Action
FB001071,Dresses,Banana Republic,Fall,M,Pink, $73.00 ,0%, $73.00 ,06 August 2025,5,4.2,FALSE,No Action
FB001072,Bottoms,Zara,Fall,XXL,Green, $76.00 ,8%, $71.00 ,06 August 2025,20,3.7,FALSE,No Action
FB001073,Bottoms,Forever21,Winter,XL,Beige, $119.00 ,0%, $119.00 ,06 August 2025,37,5.0,FALSE,No Action
FB001074,Outerwear,Ann Taylor,Winter,XS,White, $116.00 ,0%, $116.00 ,06 August 2025,17,3.3,TRUE,Damaged
FB001075,Shoes,Gap,Fall,XL,Pink, $179.00 ,15%, $153.00 ,06 August 2025,47,2.9,FALSE,No Action
FB001076,Accessories,Uniqlo,Winter,XL,Black, $33.00 ,0%, $33.00 ,06 August 2025,34,4.8,FALSE,No Action
FB001077,Tops,Uniqlo,Fall,L,Beige, $41.00 ,3%, $40.00 ,06 August 2025,5,2.9,FALSE,No Action
FB001078,Shoes,Forever21,Spring,XL,Purple, $139.00 ,47%, $73.00 ,04 January 2025,6,3.4,FALSE,No Action
FB001079,Dresses,Mango,Fall,L,Pink, $102.00 ,0%, $102.00 ,06 August 2025,34,3.4,FALSE,No Action
FB001080,Bottoms,Gap,Fall,XXL,Navy, $47.00 ,54%, $21.00 ,06 August 2025,4,4.9,FALSE,No Action
FB001081,Dresses,Uniqlo,Summer,XS,White, $55.00 ,0%, $55.00 ,06 August 2025,48,4.1,FALSE,No Action
FB001082,Outerwear,Forever21,Winter,L,Green, $88.00 ,55%, $39.00 ,06 August 2025,36,3.1,FALSE,No Action
FB001083,Bottoms,Mango,Fall,M,Red, $74.00 ,17%, $62.00 ,06 August 2025,13,3.0,TRUE,Color Mismatch
FB001084,Bottoms,Mango,Winter,M,White, $69.00 ,57%, $29.00 ,06 August 2025,30,4.2,FALSE,No Action
FB001085,Shoes,Uniqlo,Fall,S,Gray, $142.00 ,0%, $142.00 ,06 August 2025,25,3.5,FALSE,No Action
FB001086,Shoes,Zara,Fall,S,Purple, $140.00 ,0%, $140.00 ,06 August 2025,43,3.1,FALSE,No Action
FB001087,Tops,Gap,Winter,M,Brown, $106.00 ,34%, $70.00 ,06 August 2025,15,4.5,FALSE,No Action
FB001088,Dresses,H&M,Summer,XS,Pink, $53.00 ,0%, $53.00 ,06 August 2025,41,2.8,TRUE,Color Mismatch
FB001089,Outerwear,Banana Republic,Spring,XXL,Black, $92.00 ,0%, $92.00 ,28 May 2025,22,3.3,TRUE,Wrong Item
FB001090,Accessories,Ann Taylor,Summer,XXL,Brown, $39.00 ,0%, $39.00 ,06 August 2025,4,3.5,TRUE,Color Mismatch
FB001091,Accessories,Gap,Spring,XXL,White, $72.00 ,0%, $72.00 ,26 November 2024,6,2.0,FALSE,No Action
FB001092,Bottoms,Forever21,Winter,S,Brown, $29.00 ,29%, $21.00 ,06 August 2025,37,2.5,FALSE,No Action
FB001093,Dresses,Mango,Winter,XL,Black, $144.00 ,0%, $144.00 ,06 August 2025,36,2.5,FALSE,No Action
FB001094,Dresses,H&M,Summer,XL,Brown, $109.00 ,11%, $97.00 ,06 August 2025,38,3.3,FALSE,No Action
FB001095,Outerwear,Mango,Winter,XL,Pink, $180.00 ,18%, $149.00 ,06 August 2025,41,1.4,FALSE,No Action
FB001096,Outerwear,Banana Republic,Spring,M,Green, $129.00 ,46%, $69.00 ,27 March 2025,28,3.2,FALSE,No Action
FB001097,Shoes,Gap,Summer,XS,Blue, $195.00 ,47%, $103.00 ,06 August 2025,36,4.0,FALSE,No Action
FB001098,Accessories,Banana Republic,Winter,XS,Navy, $65.00 ,21%, $52.00 ,06 August 2025,20,2.6,FALSE,No Action
FB001099,Bottoms,H&M,Spring,XS,Purple, $113.00 ,0%, $113.00 ,02 April 2025,3,4.9,FALSE,No Action
FB001100,Shoes,Ann Taylor,Fall,XL,Beige, $173.00 ,0%, $173.00 ,06 August 2025,25,3.6,FALSE,No Action
FB001101,Outerwear,Zara,Fall,S,Gray, $156.00 ,0%, $156.00 ,06 August 2025,23,1.8,FALSE,No Action
FB001102,Dresses,H&M,Spring,XL,Brown, $103.00 ,39%, $63.00 ,12 October 2024,5,3.0,FALSE,No Action
FB001103,Accessories,Gap,Fall,XL,Black, $79.00 ,0%, $79.00 ,06 August 2025,22,3.0,FALSE,No Action
FB001104,Accessories,Ann Taylor,Fall,XL,Beige, $34.00 ,19%, $27.00 ,06 August 2025,50,3.6,FALSE,No Action
FB001105,Bottoms,Gap,Winter,XXL,Blue, $58.00 ,0%, $58.00 ,06 August 2025,3,2.6,TRUE,Wrong Item
FB001106,Accessories,Zara,Summer,XXL,Navy, $30.00 ,0%, $30.00 ,06 August 2025,31,3.0,TRUE,Damaged
FB001107,Outerwear,Uniqlo,Fall,XXL,Purple, $213.00 ,0%, $213.00 ,06 August 2025,16,4.7,FALSE,No Action
FB001108,Bottoms,Forever21,Fall,XL,Pink, $29.00 ,0%, $29.00 ,06 August 2025,25,4.6,TRUE,Changed Mind
FB001109,Tops,Forever21,Spring,M,Red, $49.00 ,0%, $49.00 ,28 June 2025,47,3.0,FALSE,No Action
FB001110,Bottoms,Banana Republic,Fall,M,Purple, $113.00 ,0%, $113.00 ,06 August 2025,13,3.7,FALSE,No Action
FB001111,Outerwear,Banana Republic,Spring,XXL,Brown, $103.00 ,0%, $103.00 ,16 November 2024,4,1.0,FALSE,No Action
FB001112,Dresses,Ann Taylor,Fall,XXL,Gray, $71.00 ,49%, $36.00 ,06 August 2025,25,3.0,FALSE,No Action
FB001113,Shoes,Zara,Winter,L,Gray, $128.00 ,0%, $128.00 ,06 August 2025,36,4.0,TRUE,Changed Mind
FB001114,Shoes,Forever21,Winter,L,Blue, $118.00 ,0%, $118.00 ,06 August 2025,45,3.8,FALSE,No Action
FB001115,Bottoms,Zara,Winter,S,Red, $31.00 ,16%, $26.00 ,06 August 2025,48,1.8,FALSE,No Action
FB001116,Tops,Banana Republic,Winter,XXL,Purple, $115.00 ,27%, $84.00 ,06 August 2025,26,4.6,FALSE,No Action
FB001117,Dresses,Ann Taylor,Fall,XL,Pink, $140.00 ,0%, $140.00 ,06 August 2025,37,2.3,FALSE,No Action
FB001118,Shoes,Mango,Fall,XS,Pink, $154.00 ,0%, $154.00 ,06 August 2025,10,4.1,FALSE,No Action
FB001119,Dresses,Uniqlo,Winter,XL,Blue, $114.00 ,20%, $91.00 ,06 August 2025,5,2.0,TRUE,Wrong Item
FB001120,Shoes,Zara,Winter,XL,Blue, $114.00 ,0%, $114.00 ,06 August 2025,38,2.6,TRUE,Color Mismatch
FB001121,Dresses,Mango,Winter,XL,Navy, $131.00 ,7%, $122.00 ,06 August 2025,18,2.0,FALSE,No Action
FB001122,Tops,Mango,Fall,S,Pink, $91.00 ,32%, $62.00 ,06 August 2025,49,2.3,FALSE,No Action
FB001123,Outerwear,Gap,Fall,XS,Black, $202.00 ,0%, $202.00 ,06 August 2025,4,3.0,FALSE,No Action
FB001124,Bottoms,Forever21,Fall,M,Red, $119.00 ,0%, $119.00 ,06 August 2025,14,2.1,FALSE,No Action
FB001125,Shoes,Banana Republic,Summer,L,Blue, $167.00 ,0%, $167.00 ,06 August 2025,12,1.0,FALSE,No Action
FB001126,Shoes,Uniqlo,Spring,XL,Blue, $100.00 ,0%, $100.00 ,07 March 2025,24,3.2,TRUE,Quality Issue
FB001127,Dresses,Gap,Summer,L,Gray, $162.00 ,41%, $95.00 ,06 August 2025,32,1.0,FALSE,No Action
FB001128,Shoes,Gap,Spring,XS,Gray, $65.00 ,5%, $61.00 ,17 January 2025,16,4.3,FALSE,No Action
FB001129,Bottoms,Forever21,Spring,XXL,Red, $78.00 ,49%, $40.00 ,06 May 2025,0,3.0,FALSE,No Action
FB001130,Outerwear,Zara,Spring,M,Blue, $115.00 ,60%, $46.00 ,28 September 2024,10,4.2,FALSE,No Action
FB001131,Accessories,Ann Taylor,Fall,M,Navy, $21.00 ,12%, $19.00 ,06 August 2025,37,3.0,TRUE,Changed Mind
FB001132,Dresses,Banana Republic,Fall,S,Brown, $75.00 ,50%, $37.00 ,06 August 2025,50,4.7,TRUE,Quality Issue
FB001133,Outerwear,Uniqlo,Summer,L,Green, $170.00 ,0%, $170.00 ,06 August 2025,36,1.6,TRUE,Quality Issue
FB001134,Shoes,H&M,Fall,XL,White, $94.00 ,22%, $72.00 ,06 August 2025,0,3.0,FALSE,No Action
FB001135,Bottoms,H&M,Summer,S,Blue, $84.00 ,0%, $84.00 ,06 August 2025,2,1.1,FALSE,No Action
FB001136,Outerwear,Zara,Summer,XS,Pink, $93.00 ,0%, $93.00 ,06 August 2025,43,2.8,FALSE,No Action
FB001137,Tops,Zara,Winter,S,Blue, $84.00 ,9%, $77.00 ,06 August 2025,19,4.1,TRUE,Changed Mind
FB001138,Shoes,Uniqlo,Spring,M,Green, $138.00 ,0%, $138.00 ,17 November 2024,40,3.1,FALSE,No Action
FB001139,Accessories,Zara,Fall,M,Pink, $20.00 ,22%, $15.00 ,06 August 2025,45,4.4,TRUE,Changed Mind
FB001140,Dresses,Banana Republic,Fall,M,Gray, $124.00 ,38%, $77.00 ,06 August 2025,24,2.3,FALSE,No Action
FB001141,Outerwear,Banana Republic,Spring,L,Red, $133.00 ,0%, $133.00 ,13 April 2025,41,2.8,FALSE,No Action
FB001142,Accessories,Banana Republic,Spring,L,Gray, $77.00 ,0%, $77.00 ,07 July 2025,23,2.5,TRUE,Size Issue
FB001143,Dresses,Mango,Winter,XXL,Brown, $157.00 ,36%, $101.00 ,06 August 2025,6,1.0,FALSE,No Action
FB001144,Tops,Zara,Winter,L,Black, $99.00 ,0%, $99.00 ,06 August 2025,17,1.0,FALSE,No Action
FB001145,Accessories,Zara,Summer,L,Brown, $43.00 ,33%, $29.00 ,06 August 2025,47,2.5,FALSE,No Action
FB001146,Outerwear,Gap,Winter,M,Brown, $88.00 ,0%, $88.00 ,06 August 2025,27,2.4,FALSE,No Action
FB001147,Bottoms,Forever21,Fall,M,White, $112.00 ,20%, $90.00 ,06 August 2025,2,1.0,FALSE,No Action
FB001148,Tops,Uniqlo,Fall,XL,Green, $33.00 ,0%, $33.00 ,06 August 2025,29,1.2,FALSE,No Action
FB001149,Bottoms,Forever21,Fall,L,Navy, $115.00 ,3%, $112.00 ,06 August 2025,46,3.0,FALSE,No Action
FB001150,Tops,Banana Republic,Fall,XL,White, $107.00 ,3%, $104.00 ,06 August 2025,6,2.8,FALSE,No Action
FB001151,Tops,H&M,Summer,S,White, $53.00 ,0%, $53.00 ,06 August 2025,50,4.2,TRUE,Damaged
FB001152,Tops,Gap,Spring,XS,Green, $72.00 ,41%, $42.00 ,30 December 2024,23,4.4,FALSE,No Action
FB001153,Shoes,Gap,Spring,S,Gray, $152.00 ,0%, $152.00 ,09 June 2025,15,3.0,FALSE,No Action
FB001154,Dresses,H&M,Winter,M,Red, $67.00 ,0%, $67.00 ,06 August 2025,9,4.7,FALSE,No Action
FB001155,Outerwear,Uniqlo,Summer,XS,Purple, $221.00 ,0%, $221.00 ,06 August 2025,35,1.5,FALSE,No Action
FB001156,Bottoms,Zara,Fall,XS,Pink, $118.00 ,8%, $108.00 ,06 August 2025,30,4.6,TRUE,Wrong Item
FB001157,Tops,Forever21,Fall,XS,Green, $100.00 ,0%, $100.00 ,06 August 2025,18,1.2,FALSE,No Action
FB001158,Accessories,Banana Republic,Summer,XS,White, $18.00 ,0%, $18.00 ,06 August 2025,39,2.2,FALSE,No Action
FB001159,Accessories,Gap,Summer,XS,Purple, $45.00 ,14%, $39.00 ,06 August 2025,40,3.2,FALSE,No Action
FB001160,Tops,Uniqlo,Spring,S,Purple, $62.00 ,0%, $62.00 ,23 July 2025,38,2.6,FALSE,No Action
FB001161,Accessories,Forever21,Winter,S,Blue, $37.00 ,0%, $37.00 ,06 August 2025,12,4.3,FALSE,No Action
FB001162,Dresses,Zara,Summer,XL,Beige, $51.00 ,39%, $31.00 ,06 August 2025,40,2.4,FALSE,No Action
FB001163,Dresses,Zara,Spring,XS,Purple, $76.00 ,0%, $76.00 ,07 January 2025,14,2.8,FALSE,No Action
FB001164,Accessories,Zara,Fall,XS,Gray, $74.00 ,0%, $74.00 ,06 August 2025,24,1.7,FALSE,No Action
FB001165,Bottoms,Forever21,Spring,L,Beige, $75.00 ,0%, $75.00 ,18 February 2025,19,1.7,TRUE,Size Issue
FB001166,Bottoms,H&M,Winter,XS,Navy, $62.00 ,49%, $31.00 ,06 August 2025,46,3.5,FALSE,No Action
FB001167,Bottoms,Mango,Winter,XXL,Red, $93.00 ,0%, $93.00 ,06 August 2025,38,1.9,FALSE,No Action
FB001168,Tops,Forever21,Fall,XXL,Blue, $72.00 ,36%, $46.00 ,06 August 2025,11,3.1,FALSE,No Action
FB001169,Outerwear,Uniqlo,Winter,XXL,Gray, $134.00 ,34%, $89.00 ,06 August 2025,42,2.9,FALSE,No Action
FB001170,Bottoms,Zara,Spring,XXL,Beige, $71.00 ,42%, $41.00 ,12 April 2025,16,2.8,FALSE,No Action
FB001171,Shoes,Ann Taylor,Summer,XL,Red, $62.00 ,54%, $28.00 ,06 August 2025,1,4.1,FALSE,No Action
FB001172,Outerwear,Ann Taylor,Spring,XS,Navy, $80.00 ,44%, $45.00 ,21 October 2024,41,4.8,TRUE,Changed Mind
FB001173,Shoes,Banana Republic,Winter,M,Beige, $171.00 ,0%, $171.00 ,06 August 2025,15,2.4,FALSE,No Action
FB001174,Tops,Ann Taylor,Spring,XL,Navy, $30.00 ,16%, $25.00 ,19 September 2024,4,3.0,FALSE,No Action
FB001175,Dresses,H&M,Summer,L,Blue, $97.00 ,0%, $97.00 ,06 August 2025,20,4.1,FALSE,No Action
FB001176,Shoes,Forever21,Fall,S,White, $128.00 ,0%, $128.00 ,06 August 2025,28,3.0,FALSE,No Action
FB001177,Dresses,Zara,Winter,XL,Green, $174.00 ,0%, $174.00 ,06 August 2025,43,4.6,FALSE,No Action
FB001178,Dresses,Banana Republic,Winter,XL,White, $100.00 ,0%, $100.00 ,06 August 2025,36,1.9,TRUE,Quality Issue
FB001179,Dresses,Zara,Winter,S,Purple, $49.00 ,0%, $49.00 ,06 August 2025,0,3.5,TRUE,Wrong Item
FB001180,Shoes,H&M,Fall,XL,Brown, $170.00 ,0%, $170.00 ,06 August 2025,22,3.0,FALSE,No Action
FB001181,Outerwear,Gap,Summer,XS,Navy, $186.00 ,0%, $186.00 ,06 August 2025,22,2.9,FALSE,No Action
FB001182,Accessories,Forever21,Fall,XS,Navy, $63.00 ,0%, $63.00 ,06 August 2025,36,1.7,FALSE,No Action
FB001183,Outerwear,Forever21,Fall,XS,Navy, $225.00 ,0%, $225.00 ,06 August 2025,31,1.3,FALSE,No Action
FB001184,Tops,Mango,Fall,XS,White, $115.00 ,14%, $99.00 ,06 August 2025,37,3.0,FALSE,No Action
FB001185,Bottoms,Mango,Fall,XS,White, $92.00 ,0%, $92.00 ,06 August 2025,39,2.3,FALSE,No Action
FB001186,Accessories,Uniqlo,Spring,XS,Beige, $67.00 ,26%, $49.00 ,28 May 2025,23,1.7,FALSE,No Action
FB001187,Outerwear,Ann Taylor,Spring,L,White, $128.00 ,0%, $128.00 ,10 July 2025,40,1.5,FALSE,No Action
FB001188,Accessories,Banana Republic,Fall,L,Red, $16.00 ,17%, $13.00 ,06 August 2025,47,1.2,FALSE,No Action
FB001189,Shoes,Banana Republic,Winter,L,Gray, $173.00 ,43%, $99.00 ,06 August 2025,1,3.1,FALSE,No Action
FB001190,Tops,H&M,Spring,S,Black, $71.00 ,21%, $56.00 ,12 January 2025,33,1.3,FALSE,No Action
FB001191,Outerwear,Uniqlo,Fall,XXL,Gray, $230.00 ,24%, $174.00 ,06 August 2025,26,3.0,TRUE,Size Issue
FB001192,Shoes,H&M,Spring,XS,Green, $101.00 ,59%, $41.00 ,04 July 2025,44,1.2,FALSE,No Action
FB001193,Outerwear,Mango,Winter,XXL,Brown, $116.00 ,53%, $55.00 ,06 August 2025,43,2.4,FALSE,No Action
FB001194,Shoes,H&M,Spring,L,Beige, $150.00 ,8%, $137.00 ,22 January 2025,48,2.9,FALSE,No Action
FB001195,Outerwear,Zara,Winter,XL,Gray, $107.00 ,0%, $107.00 ,06 August 2025,15,2.7,FALSE,No Action
FB001196,Dresses,Zara,Spring,L,Navy, $61.00 ,0%, $61.00 ,05 April 2025,3,3.0,FALSE,No Action
FB001197,Accessories,Zara,Winter,L,Green, $34.00 ,0%, $34.00 ,06 August 2025,3,1.9,FALSE,No Action
FB001198,Dresses,Gap,Summer,S,Brown, $168.00 ,46%, $90.00 ,06 August 2025,44,1.5,FALSE,No Action
FB001199,Tops,Ann Taylor,Fall,M,Red, $74.00 ,0%, $74.00 ,06 August 2025,47,1.4,FALSE,No Action
FB001200,Tops,Forever21,Winter,XXL,Brown, $84.00 ,0%, $84.00 ,06 August 2025,7,2.5,FALSE,No Action
FB001201,Shoes,Mango,Summer,M,Red, $187.00 ,10%, $169.00 ,06 August 2025,28,4.0,FALSE,No Action
FB001202,Accessories,Uniqlo,Spring,M,Green, $45.00 ,14%, $39.00 ,14 April 2025,29,3.0,FALSE,No Action
FB001203,Outerwear,Banana Republic,Fall,XL,Brown, $87.00 ,0%, $87.00 ,06 August 2025,8,2.8,FALSE,No Action
FB001204,Outerwear,H&M,Summer,XS,Brown, $232.00 ,57%, $100.00 ,06 August 2025,23,2.9,TRUE,Size Issue
FB001205,Shoes,Ann Taylor,Spring,XS,Purple, $184.00 ,0%, $184.00 ,28 September 2024,32,1.8,FALSE,No Action
FB001206,Tops,Gap,Fall,XS,Gray, $31.00 ,0%, $31.00 ,06 August 2025,50,3.4,FALSE,No Action
FB001207,Accessories,H&M,Winter,XS,Navy, $62.00 ,25%, $46.00 ,06 August 2025,33,3.5,FALSE,No Action
FB001208,Accessories,Mango,Summer,XS,Navy, $64.00 ,42%, $37.00 ,06 August 2025,26,1.3,FALSE,No Action
FB001209,Accessories,Zara,Spring,XS,Blue, $15.00 ,0%, $15.00 ,06 September 2024,7,4.1,FALSE,No Action
FB001210,Outerwear,H&M,Spring,M,Purple, $180.00 ,0%, $180.00 ,02 September 2024,20,2.0,FALSE,No Action
FB001211,Shoes,Forever21,Summer,L,Brown, $73.00 ,0%, $73.00 ,06 August 2025,44,1.3,FALSE,No Action
FB001212,Shoes,Ann Taylor,Summer,XXL,Beige, $127.00 ,0%, $127.00 ,06 August 2025,0,3.4,FALSE,No Action
FB001213,Bottoms,H&M,Fall,XXL,Brown, $52.00 ,0%, $52.00 ,06 August 2025,12,3.0,FALSE,No Action
FB001214,Bottoms,Forever21,Winter,XS,Red, $32.00 ,23%, $25.00 ,06 August 2025,24,1.1,FALSE,No Action
FB001215,Tops,Banana Republic,Winter,S,Purple, $108.00 ,0%, $108.00 ,06 August 2025,6,1.8,FALSE,No Action
FB001216,Shoes,Forever21,Winter,S,Navy, $85.00 ,48%, $45.00 ,06 August 2025,8,1.1,FALSE,No Action
FB001217,Accessories,Zara,Spring,S,Blue, $62.00 ,0%, $62.00 ,25 April 2025,3,3.7,FALSE,No Action
FB001218,Shoes,H&M,Summer,XL,Black, $127.00 ,5%, $120.00 ,06 August 2025,34,2.5,FALSE,No Action
FB001219,Tops,Ann Taylor,Fall,XL,Red, $35.00 ,0%, $35.00 ,06 August 2025,33,3.0,TRUE,Color Mismatch
FB001220,Accessories,H&M,Summer,XL,Gray, $69.00 ,28%, $50.00 ,06 August 2025,5,1.1,FALSE,No Action
FB001221,Tops,Zara,Winter,XXL,Black, $92.00 ,29%, $65.00 ,06 August 2025,37,1.9,FALSE,No Action
FB001222,Shoes,Mango,Fall,M,Black, $110.00 ,0%, $110.00 ,06 August 2025,13,3.6,TRUE,Changed Mind
FB001223,Bottoms,Zara,Fall,XXL,Red, $109.00 ,0%, $109.00 ,06 August 2025,13,3.7,FALSE,No Action
FB001224,Accessories,Forever21,Winter,XXL,Beige, $67.00 ,0%, $67.00 ,06 August 2025,28,1.4,FALSE,No Action
FB001225,Shoes,Ann Taylor,Winter,M,White, $110.00 ,10%, $98.00 ,06 August 2025,47,3.0,FALSE,No Action
FB001226,Shoes,Banana Republic,Summer,XL,White, $162.00 ,0%, $162.00 ,06 August 2025,45,3.0,FALSE,No Action
FB001227,Accessories,Uniqlo,Summer,XL,Black, $23.00 ,8%, $21.00 ,06 August 2025,0,3.5,FALSE,No Action
FB001228,Bottoms,Banana Republic,Fall,XS,Brown, $115.00 ,0%, $115.00 ,06 August 2025,34,2.9,FALSE,No Action
FB001229,Outerwear,H&M,Spring,M,Red, $139.00 ,42%, $80.00 ,02 October 2024,27,2.9,FALSE,No Action
FB001230,Dresses,Forever21,Fall,S,Navy, $120.00 ,37%, $76.00 ,06 August 2025,46,2.4,FALSE,No Action
FB001231,Accessories,Banana Republic,Fall,S,Beige, $72.00 ,0%, $72.00 ,06 August 2025,4,4.3,FALSE,No Action
FB001232,Accessories,Zara,Spring,S,Brown, $29.00 ,0%, $29.00 ,07 February 2025,37,3.9,FALSE,No Action
FB001233,Tops,Gap,Summer,XL,Black, $33.00 ,0%, $33.00 ,06 August 2025,13,4.7,FALSE,No Action
FB001234,Outerwear,Banana Republic,Fall,S,Brown, $101.00 ,0%, $101.00 ,06 August 2025,31,3.0,FALSE,No Action
FB001235,Accessories,Mango,Winter,S,White, $41.00 ,0%, $41.00 ,06 August 2025,10,3.0,FALSE,No Action
FB001236,Outerwear,Ann Taylor,Spring,L,Green, $126.00 ,0%, $126.00 ,18 May 2025,24,3.6,FALSE,No Action
FB001237,Bottoms,Zara,Spring,M,Purple, $96.00 ,0%, $96.00 ,26 February 2025,6,3.0,FALSE,No Action
FB001238,Tops,Mango,Winter,XS,Navy, $114.00 ,0%, $114.00 ,06 August 2025,27,5.0,FALSE,No Action
FB001239,Shoes,H&M,Spring,S,Purple, $102.00 ,0%, $102.00 ,17 December 2024,20,3.7,TRUE,Quality Issue
FB001240,Bottoms,Uniqlo,Summer,L,Pink, $95.00 ,15%, $81.00 ,06 August 2025,9,4.9,FALSE,No Action
FB001241,Bottoms,H&M,Winter,M,Blue, $55.00 ,0%, $55.00 ,06 August 2025,25,4.6,FALSE,No Action
FB001242,Accessories,Ann Taylor,Winter,M,White, $30.00 ,10%, $27.00 ,06 August 2025,34,3.4,FALSE,No Action
FB001243,Bottoms,Mango,Fall,S,Red, $116.00 ,0%, $116.00 ,06 August 2025,47,1.2,FALSE,No Action
FB001244,Dresses,Zara,Winter,XL,Navy, $79.00 ,21%, $62.00 ,06 August 2025,36,1.5,TRUE,Changed Mind
FB001245,Dresses,Forever21,Summer,XL,Navy, $88.00 ,0%, $88.00 ,06 August 2025,3,3.5,FALSE,No Action
FB001246,Dresses,Banana Republic,Spring,XXL,Purple, $150.00 ,0%, $150.00 ,19 December 2024,38,2.1,FALSE,No Action
FB001247,Dresses,Uniqlo,Summer,XXL,White, $179.00 ,9%, $163.00 ,06 August 2025,34,2.1,FALSE,No Action
FB001248,Outerwear,Forever21,Spring,XL,Red, $135.00 ,0%, $135.00 ,16 February 2025,19,4.6,FALSE,No Action
FB001249,Shoes,Uniqlo,Fall,XXL,Black, $146.00 ,0%, $146.00 ,06 August 2025,7,2.5,FALSE,No Action
FB001250,Outerwear,Forever21,Winter,M,Green, $160.00 ,0%, $160.00 ,06 August 2025,11,2.0,FALSE,No Action
FB001251,Shoes,Mango,Winter,M,Gray, $169.00 ,9%, $154.00 ,06 August 2025,36,2.1,FALSE,No Action
FB001252,Shoes,Ann Taylor,Summer,M,Gray, $137.00 ,0%, $137.00 ,06 August 2025,35,4.6,FALSE,No Action
FB001253,Bottoms,Forever21,Summer,XXL,Red, $38.00 ,0%, $38.00 ,06 August 2025,38,3.0,FALSE,No Action
FB001254,Tops,Zara,Summer,XXL,Blue, $40.00 ,20%, $32.00 ,06 August 2025,7,3.0,FALSE,No Action
FB001255,Bottoms,H&M,Winter,XS,Black, $56.00 ,23%, $43.00 ,06 August 2025,35,3.0,FALSE,No Action
FB001256,Accessories,Forever21,Summer,XS,Green, $19.00 ,0%, $19.00 ,06 August 2025,13,3.1,FALSE,No Action
FB001257,Shoes,H&M,Winter,L,White, $155.00 ,0%, $155.00 ,06 August 2025,3,4.0,FALSE,No Action
FB001258,Tops,Zara,Summer,S,Purple, $106.00 ,0%, $106.00 ,06 August 2025,10,1.1,FALSE,No Action
FB001259,Outerwear,Ann Taylor,Fall,XXL,Navy, $158.00 ,0%, $158.00 ,06 August 2025,7,5.0,FALSE,No Action
FB001260,Dresses,Mango,Spring,XL,Pink, $102.00 ,42%, $59.00 ,30 May 2025,43,1.3,FALSE,No Action
FB001261,Accessories,Gap,Fall,XL,Navy, $53.00 ,58%, $22.00 ,06 August 2025,6,4.2,FALSE,No Action
FB001262,Dresses,Uniqlo,Summer,XS,Blue, $101.00 ,23%, $78.00 ,06 August 2025,5,1.2,TRUE,Damaged
FB001263,Outerwear,Banana Republic,Summer,M,Gray, $112.00 ,0%, $112.00 ,06 August 2025,41,4.1,FALSE,No Action
FB001264,Accessories,Banana Republic,Winter,M,Pink, $47.00 ,0%, $47.00 ,06 August 2025,39,4.4,FALSE,No Action
FB001265,Tops,Uniqlo,Winter,XXL,Beige, $80.00 ,0%, $80.00 ,06 August 2025,24,3.0,FALSE,No Action
FB001266,Bottoms,Mango,Winter,L,Red, $64.00 ,26%, $47.00 ,06 August 2025,7,2.9,TRUE,Wrong Item
FB001267,Outerwear,Zara,Winter,L,Red, $129.00 ,0%, $129.00 ,06 August 2025,41,1.7,FALSE,No Action
FB001268,Bottoms,Banana Republic,Spring,L,Green, $32.00 ,0%, $32.00 ,12 August 2024,23,4.0,TRUE,Damaged
FB001269,Bottoms,Uniqlo,Spring,L,Blue, $79.00 ,0%, $79.00 ,11 May 2025,13,3.5,FALSE,No Action
FB001270,Tops,Forever21,Spring,S,Beige, $119.00 ,0%, $119.00 ,20 February 2025,18,4.4,FALSE,No Action
FB001271,Dresses,H&M,Winter,S,White, $66.00 ,0%, $66.00 ,06 August 2025,1,3.0,FALSE,No Action
FB001272,Accessories,H&M,Fall,S,Purple, $68.00 ,8%, $62.00 ,06 August 2025,18,3.1,FALSE,No Action
FB001273,Outerwear,Mango,Fall,L,Purple, $209.00 ,0%, $209.00 ,06 August 2025,30,2.1,FALSE,No Action
FB001274,Shoes,Uniqlo,Summer,XS,Blue, $154.00 ,0%, $154.00 ,06 August 2025,31,3.0,FALSE,No Action
FB001275,Bottoms,H&M,Winter,S,Gray, $37.00 ,0%, $37.00 ,06 August 2025,8,3.0,TRUE,Changed Mind
FB001276,Shoes,Zara,Summer,XS,Black, $140.00 ,0%, $140.00 ,06 August 2025,10,1.9,FALSE,No Action
FB001277,Shoes,Uniqlo,Summer,XS,White, $171.00 ,0%, $171.00 ,06 August 2025,25,3.0,FALSE,No Action
FB001278,Tops,Zara,Summer,M,Purple, $77.00 ,0%, $77.00 ,06 August 2025,4,2.7,FALSE,No Action
FB001279,Tops,H&M,Spring,XL,Navy, $80.00 ,0%, $80.00 ,10 December 2024,50,2.1,FALSE,No Action
FB001280,Bottoms,Uniqlo,Summer,S,White, $48.00 ,42%, $28.00 ,06 August 2025,20,1.3,TRUE,Damaged
FB001281,Shoes,Ann Taylor,Winter,XS,Purple, $137.00 ,0%, $137.00 ,06 August 2025,32,3.4,TRUE,Changed Mind
FB001282,Bottoms,Zara,Fall,XXL,Brown, $96.00 ,45%, $53.00 ,06 August 2025,15,1.3,FALSE,No Action
FB001283,Tops,H&M,Spring,XL,Blue, $46.00 ,37%, $29.00 ,11 March 2025,19,1.9,FALSE,No Action
FB001284,Bottoms,Gap,Winter,L,Brown, $86.00 ,0%, $86.00 ,06 August 2025,26,3.7,FALSE,No Action
FB001285,Bottoms,Mango,Fall,XXL,Green, $113.00 ,52%, $55.00 ,06 August 2025,12,2.9,FALSE,No Action
FB001286,Bottoms,Zara,Summer,XS,Purple, $64.00 ,43%, $36.00 ,06 August 2025,36,3.0,FALSE,No Action
FB001287,Shoes,Forever21,Fall,XS,Beige, $123.00 ,0%, $123.00 ,06 August 2025,40,4.3,FALSE,No Action
FB001288,Accessories,Ann Taylor,Winter,XS,Red, $69.00 ,0%, $69.00 ,06 August 2025,35,3.0,FALSE,No Action
FB001289,Accessories,Banana Republic,Winter,XS,Green, $46.00 ,24%, $34.00 ,06 August 2025,31,4.4,TRUE,Size Issue
FB001290,Outerwear,H&M,Summer,XS,Navy, $229.00 ,0%, $229.00 ,06 August 2025,46,3.6,FALSE,No Action
FB001291,Outerwear,Uniqlo,Fall,XS,Purple, $179.00 ,20%, $144.00 ,06 August 2025,42,3.0,FALSE,No Action
FB001292,Shoes,Banana Republic,Fall,L,Green, $80.00 ,56%, $35.00 ,06 August 2025,41,2.2,TRUE,Changed Mind
FB001293,Bottoms,Uniqlo,Fall,L,Green, $62.00 ,19%, $50.00 ,06 August 2025,9,2.5,FALSE,No Action
FB001294,Accessories,Uniqlo,Fall,L,Beige, $58.00 ,12%, $51.00 ,06 August 2025,3,1.5,FALSE,No Action
FB001295,Tops,H&M,Summer,XXL,Navy, $119.00 ,2%, $117.00 ,06 August 2025,34,4.1,FALSE,No Action
FB001296,Outerwear,Zara,Summer,S,Navy, $80.00 ,0%, $80.00 ,06 August 2025,3,1.8,TRUE,Size Issue
FB001297,Bottoms,Banana Republic,Winter,XS,Black, $47.00 ,26%, $35.00 ,06 August 2025,2,3.2,FALSE,No Action
FB001298,Shoes,Gap,Winter,XL,Pink, $104.00 ,27%, $75.00 ,06 August 2025,7,1.0,TRUE,Quality Issue
FB001299,Accessories,Zara,Winter,XL,Blue, $38.00 ,23%, $29.00 ,06 August 2025,22,1.4,FALSE,No Action
FB001300,Outerwear,H&M,Winter,XL,Red, $86.00 ,0%, $86.00 ,06 August 2025,33,3.9,FALSE,No Action
FB001301,Accessories,Mango,Winter,XL,Purple, $64.00 ,4%, $62.00 ,06 August 2025,40,1.4,FALSE,No Action
FB001302,Accessories,Mango,Fall,XL,Navy, $53.00 ,0%, $53.00 ,06 August 2025,18,2.3,FALSE,No Action
FB001303,Dresses,Mango,Summer,XXL,Pink, $113.00 ,9%, $103.00 ,06 August 2025,11,2.4,FALSE,No Action
FB001304,Tops,Ann Taylor,Summer,XXL,Beige, $40.00 ,28%, $29.00 ,06 August 2025,29,1.7,TRUE,Size Issue
FB001305,Tops,Gap,Winter,M,Black, $49.00 ,31%, $34.00 ,06 August 2025,21,2.0,FALSE,No Action
FB001306,Bottoms,Forever21,Summer,L,Brown, $117.00 ,54%, $53.00 ,06 August 2025,25,4.6,TRUE,Wrong Item
FB001307,Accessories,Mango,Summer,L,Red, $69.00 ,4%, $67.00 ,06 August 2025,14,3.2,FALSE,No Action
FB001308,Accessories,Forever21,Spring,L,White, $29.00 ,18%, $24.00 ,03 March 2025,10,4.9,FALSE,No Action
FB001309,Shoes,H&M,Fall,XL,Black, $187.00 ,43%, $106.00 ,06 August 2025,26,3.0,FALSE,No Action
FB001310,Accessories,Ann Taylor,Summer,XL,Beige, $40.00 ,16%, $33.00 ,06 August 2025,31,1.8,FALSE,No Action
FB001311,Dresses,Mango,Spring,XS,Beige, $113.00 ,23%, $86.00 ,07 March 2025,1,3.0,FALSE,No Action
FB001312,Bottoms,Zara,Spring,S,Gray, $119.00 ,0%, $119.00 ,27 September 2024,47,1.4,FALSE,No Action
FB001313,Shoes,Uniqlo,Fall,XXL,Brown, $167.00 ,0%, $167.00 ,06 August 2025,9,4.0,FALSE,No Action
FB001314,Dresses,Banana Republic,Spring,XL,Blue, $148.00 ,1%, $146.00 ,23 February 2025,43,2.0,FALSE,No Action
FB001315,Bottoms,H&M,Winter,XXL,Red, $65.00 ,50%, $32.00 ,06 August 2025,9,3.0,FALSE,No Action
FB001316,Shoes,Banana Republic,Spring,M,Green, $84.00 ,5%, $80.00 ,17 July 2025,33,3.0,FALSE,No Action
FB001317,Bottoms,Gap,Summer,XS,Gray, $52.00 ,0%, $52.00 ,06 August 2025,35,1.2,TRUE,Color Mismatch
FB001318,Shoes,Uniqlo,Summer,L,Green, $106.00 ,0%, $106.00 ,06 August 2025,30,1.1,FALSE,No Action
FB001319,Tops,Gap,Summer,XXL,Black, $96.00 ,40%, $57.00 ,06 August 2025,31,4.5,FALSE,No Action
FB001320,Outerwear,Banana Republic,Spring,L,Brown, $99.00 ,0%, $99.00 ,16 October 2024,21,1.2,FALSE,No Action
FB001321,Accessories,Zara,Spring,L,Purple, $68.00 ,37%, $43.00 ,05 December 2024,9,1.8,FALSE,No Action
FB001322,Dresses,H&M,Spring,S,Pink, $63.00 ,4%, $61.00 ,19 May 2025,14,2.1,FALSE,No Action
FB001323,Shoes,Mango,Fall,S,Navy, $116.00 ,11%, $103.00 ,06 August 2025,15,3.0,FALSE,No Action
FB001324,Bottoms,Uniqlo,Fall,XS,Green, $71.00 ,0%, $71.00 ,06 August 2025,16,3.0,FALSE,No Action
FB001325,Bottoms,Forever21,Winter,M,Beige, $91.00 ,0%, $91.00 ,06 August 2025,38,3.3,FALSE,No Action
FB001326,Accessories,Zara,Summer,M,White, $46.00 ,0%, $46.00 ,06 August 2025,25,2.5,FALSE,No Action
FB001327,Dresses,Mango,Fall,S,Green, $156.00 ,0%, $156.00 ,06 August 2025,43,3.0,FALSE,No Action
FB001328,Tops,Mango,Fall,XS,Pink, $56.00 ,0%, $56.00 ,06 August 2025,31,1.5,FALSE,No Action
FB001329,Bottoms,Zara,Winter,XS,Purple, $118.00 ,23%, $90.00 ,06 August 2025,15,5.0,FALSE,No Action
FB001330,Tops,Gap,Fall,XS,Beige, $25.00 ,0%, $25.00 ,06 August 2025,46,1.5,FALSE,No Action
FB001331,Tops,H&M,Fall,S,Green, $91.00 ,24%, $69.00 ,06 August 2025,3,3.7,FALSE,No Action
FB001332,Bottoms,Uniqlo,Fall,L,Blue, $25.00 ,8%, $23.00 ,06 August 2025,39,1.7,FALSE,No Action
FB001333,Accessories,H&M,Winter,L,Navy, $51.00 ,32%, $34.00 ,06 August 2025,34,4.8,FALSE,No Action
FB001334,Outerwear,Banana Republic,Summer,XL,Black, $143.00 ,25%, $108.00 ,06 August 2025,50,4.1,FALSE,No Action
FB001335,Bottoms,Gap,Summer,L,Red, $45.00 ,0%, $45.00 ,06 August 2025,29,2.3,FALSE,No Action
FB001336,Shoes,Zara,Summer,L,White, $177.00 ,11%, $158.00 ,06 August 2025,37,3.0,FALSE,No Action
FB001337,Outerwear,Gap,Fall,XS,Purple, $145.00 ,34%, $95.00 ,06 August 2025,14,3.0,FALSE,No Action
FB001338,Shoes,Ann Taylor,Summer,XXL,Navy, $190.00 ,0%, $190.00 ,06 August 2025,39,3.7,FALSE,No Action
FB001339,Accessories,Forever21,Fall,XXL,Blue, $44.00 ,0%, $44.00 ,06 August 2025,25,1.1,FALSE,No Action
FB001340,Shoes,Banana Republic,Winter,XXL,White, $65.00 ,0%, $65.00 ,06 August 2025,7,4.6,FALSE,No Action
FB001341,Shoes,Gap,Spring,XS,Purple, $86.00 ,0%, $86.00 ,27 December 2024,4,2.4,FALSE,No Action
FB001342,Bottoms,Uniqlo,Winter,XS,Green, $100.00 ,0%, $100.00 ,06 August 2025,48,4.2,FALSE,No Action
FB001343,Outerwear,Banana Republic,Winter,XS,Red, $203.00 ,0%, $203.00 ,06 August 2025,18,1.8,FALSE,No Action
FB001344,Tops,Gap,Winter,XS,White, $95.00 ,24%, $71.00 ,06 August 2025,26,2.3,FALSE,No Action
FB001345,Dresses,H&M,Fall,XL,Red, $173.00 ,32%, $118.00 ,06 August 2025,5,3.2,FALSE,No Action
FB001346,Dresses,H&M,Winter,L,Beige, $160.00 ,0%, $160.00 ,06 August 2025,23,4.0,FALSE,No Action
FB001347,Tops,Forever21,Winter,XS,Blue, $59.00 ,0%, $59.00 ,06 August 2025,28,1.5,FALSE,No Action
FB001348,Dresses,Mango,Fall,XS,Blue, $155.00 ,0%, $155.00 ,06 August 2025,19,4.1,FALSE,No Action
FB001349,Bottoms,Forever21,Spring,XL,Black, $29.00 ,41%, $17.00 ,26 August 2024,21,4.5,TRUE,Quality Issue
FB001350,Outerwear,Mango,Winter,XXL,Brown, $237.00 ,23%, $182.00 ,06 August 2025,23,2.2,FALSE,No Action
FB001351,Outerwear,Ann Taylor,Summer,M,Pink, $81.00 ,0%, $81.00 ,06 August 2025,34,3.1,TRUE,Damaged
FB001352,Bottoms,Banana Republic,Spring,M,Beige, $37.00 ,0%, $37.00 ,01 May 2025,13,3.0,FALSE,No Action
FB001353,Tops,Uniqlo,Fall,XXL,Purple, $80.00 ,0%, $80.00 ,06 August 2025,13,3.0,FALSE,No Action
FB001354,Accessories,Zara,Spring,XXL,Gray, $77.00 ,30%, $54.00 ,24 July 2025,33,4.0,TRUE,Damaged
FB001355,Tops,Banana Republic,Summer,XXL,Green, $117.00 ,1%, $116.00 ,06 August 2025,27,3.3,FALSE,No Action
FB001356,Outerwear,Mango,Fall,XL,Blue, $130.00 ,28%, $93.00 ,06 August 2025,41,2.3,FALSE,No Action
FB001357,Tops,Uniqlo,Fall,XS,Purple, $63.00 ,0%, $63.00 ,06 August 2025,11,3.0,FALSE,No Action
FB001358,Outerwear,Banana Republic,Spring,XL,Red, $135.00 ,0%, $135.00 ,30 July 2025,25,3.4,TRUE,Changed Mind
FB001359,Accessories,H&M,Winter,XL,Beige, $45.00 ,0%, $45.00 ,06 August 2025,19,1.1,FALSE,No Action
FB001360,Bottoms,Zara,Winter,XL,Brown, $51.00 ,8%, $47.00 ,06 August 2025,7,3.0,FALSE,No Action
FB001361,Dresses,Forever21,Summer,XXL,Brown, $49.00 ,6%, $46.00 ,06 August 2025,10,4.3,FALSE,No Action
FB001362,Shoes,Uniqlo,Spring,S,Green, $119.00 ,0%, $119.00 ,10 June 2025,40,3.0,FALSE,No Action
FB001363,Tops,Banana Republic,Spring,S,Gray, $77.00 ,35%, $50.00 ,26 July 2025,16,3.0,FALSE,No Action
FB001364,Tops,Gap,Fall,XS,Red, $72.00 ,0%, $72.00 ,06 August 2025,6,3.0,FALSE,No Action
FB001365,Shoes,Gap,Fall,XL,Brown, $117.00 ,0%, $117.00 ,06 August 2025,30,4.8,FALSE,No Action
FB001366,Outerwear,Forever21,Spring,S,Green, $161.00 ,48%, $83.00 ,11 November 2024,32,3.0,FALSE,No Action
FB001367,Shoes,Ann Taylor,Fall,S,Purple, $158.00 ,0%, $158.00 ,06 August 2025,19,2.6,FALSE,No Action
FB001368,Tops,Ann Taylor,Summer,L,Blue, $60.00 ,0%, $60.00 ,06 August 2025,25,3.0,TRUE,Quality Issue
FB001369,Shoes,H&M,Summer,XL,Gray, $122.00 ,25%, $91.00 ,06 August 2025,21,4.7,FALSE,No Action
FB001370,Shoes,Mango,Spring,S,Brown, $109.00 ,0%, $109.00 ,11 November 2024,11,3.0,FALSE,No Action
FB001371,Bottoms,Ann Taylor,Fall,M,Beige, $60.00 ,0%, $60.00 ,06 August 2025,29,4.5,FALSE,No Action
FB001372,Accessories,Uniqlo,Summer,M,Pink, $64.00 ,35%, $41.00 ,06 August 2025,12,4.2,TRUE,Size Issue
FB001373,Shoes,Mango,Fall,S,Pink, $151.00 ,0%, $151.00 ,06 August 2025,18,3.0,FALSE,No Action
FB001374,Accessories,Gap,Winter,S,Blue, $72.00 ,44%, $40.00 ,06 August 2025,25,3.0,FALSE,No Action
FB001375,Accessories,Gap,Winter,S,Purple, $79.00 ,0%, $79.00 ,06 August 2025,2,3.3,FALSE,No Action
FB001376,Shoes,Mango,Fall,M,Beige, $122.00 ,60%, $49.00 ,06 August 2025,33,4.0,FALSE,No Action
FB001377,Bottoms,Forever21,Summer,XL,Black, $79.00 ,0%, $79.00 ,06 August 2025,29,3.7,FALSE,No Action
FB001378,Bottoms,Uniqlo,Winter,L,White, $60.00 ,0%, $60.00 ,06 August 2025,27,3.0,FALSE,No Action
FB001379,Accessories,Gap,Winter,L,Gray, $72.00 ,41%, $42.00 ,06 August 2025,43,3.5,FALSE,No Action
FB001380,Bottoms,Mango,Summer,XL,Green, $66.00 ,17%, $55.00 ,06 August 2025,24,4.9,TRUE,Size Issue
FB001381,Outerwear,Ann Taylor,Spring,XS,Beige, $100.00 ,0%, $100.00 ,03 March 2025,37,3.1,FALSE,No Action
FB001382,Dresses,Zara,Summer,S,Beige, $116.00 ,53%, $54.00 ,06 August 2025,22,3.0,FALSE,No Action
FB001383,Outerwear,Mango,Fall,S,White, $80.00 ,1%, $79.00 ,06 August 2025,11,1.1,FALSE,No Action
FB001384,Dresses,Banana Republic,Summer,M,Blue, $175.00 ,0%, $175.00 ,06 August 2025,39,2.9,FALSE,No Action
FB001385,Dresses,Mango,Fall,XS,Brown, $122.00 ,37%, $77.00 ,06 August 2025,25,3.0,FALSE,No Action
FB001386,Shoes,Uniqlo,Winter,S,Blue, $127.00 ,0%, $127.00 ,06 August 2025,14,2.7,FALSE,No Action
FB001387,Bottoms,Zara,Summer,S,Brown, $101.00 ,5%, $96.00 ,06 August 2025,19,4.7,FALSE,No Action
FB001388,Bottoms,Forever21,Winter,L,Brown, $41.00 ,44%, $23.00 ,06 August 2025,6,2.4,FALSE,No Action
FB001389,Shoes,H&M,Spring,M,Green, $147.00 ,0%, $147.00 ,08 January 2025,41,4.0,FALSE,No Action
FB001390,Tops,Banana Republic,Fall,S,Gray, $85.00 ,0%, $85.00 ,06 August 2025,49,1.5,FALSE,No Action
FB001391,Dresses,Gap,Winter,XXL,Green, $115.00 ,0%, $115.00 ,06 August 2025,35,1.8,FALSE,No Action
FB001392,Outerwear,Ann Taylor,Winter,XS,Pink, $90.00 ,0%, $90.00 ,06 August 2025,1,1.0,FALSE,No Action
FB001393,Tops,Gap,Spring,S,Red, $64.00 ,0%, $64.00 ,26 October 2024,25,3.9,FALSE,No Action
FB001394,Bottoms,Banana Republic,Summer,XS,Black, $37.00 ,0%, $37.00 ,06 August 2025,27,2.8,TRUE,Changed Mind
FB001395,Tops,Gap,Summer,XL,Blue, $90.00 ,55%, $40.00 ,06 August 2025,26,3.0,FALSE,No Action
FB001396,Shoes,Gap,Summer,S,Green, $159.00 ,58%, $66.00 ,06 August 2025,45,1.1,FALSE,No Action
FB001397,Shoes,Ann Taylor,Summer,L,Gray, $81.00 ,59%, $33.00 ,06 August 2025,37,4.6,FALSE,No Action
FB001398,Shoes,Forever21,Winter,XS,White, $93.00 ,0%, $93.00 ,06 August 2025,47,4.1,FALSE,No Action
FB001399,Tops,Ann Taylor,Summer,M,Brown, $95.00 ,0%, $95.00 ,06 August 2025,25,4.7,FALSE,No Action
FB001400,Outerwear,Zara,Winter,M,White, $146.00 ,0%, $146.00 ,06 August 2025,45,3.4,FALSE,No Action
FB001401,Shoes,Banana Republic,Spring,M,Blue, $96.00 ,0%, $96.00 ,03 February 2025,24,4.3,FALSE,No Action
FB001402,Tops,Banana Republic,Fall,XXL,Brown, $71.00 ,0%, $71.00 ,06 August 2025,46,4.5,FALSE,No Action
FB001403,Tops,H&M,Summer,L,Navy, $29.00 ,0%, $29.00 ,06 August 2025,17,1.6,FALSE,No Action
FB001404,Tops,H&M,Spring,S,Green, $31.00 ,44%, $17.00 ,06 March 2025,21,4.4,FALSE,No Action
FB001405,Accessories,Zara,Fall,S,Green, $73.00 ,0%, $73.00 ,06 August 2025,22,1.1,FALSE,No Action
FB001406,Shoes,Mango,Summer,S,Pink, $75.00 ,0%, $75.00 ,06 August 2025,14,3.0,FALSE,No Action
FB001407,Accessories,H&M,Spring,S,Green, $79.00 ,0%, $79.00 ,03 October 2024,28,4.7,FALSE,No Action
FB001408,Tops,Mango,Fall,L,White, $26.00 ,0%, $26.00 ,06 August 2025,26,3.0,FALSE,No Action
FB001409,Dresses,Ann Taylor,Spring,L,Gray, $126.00 ,29%, $89.00 ,15 August 2024,25,1.1,FALSE,No Action
FB001410,Shoes,Mango,Fall,S,Navy, $71.00 ,0%, $71.00 ,06 August 2025,2,3.1,FALSE,No Action
FB001411,Dresses,Mango,Winter,M,Beige, $65.00 ,15%, $55.00 ,06 August 2025,21,3.0,FALSE,No Action
FB001412,Bottoms,Mango,Fall,XL,Pink, $28.00 ,21%, $22.00 ,06 August 2025,6,2.3,FALSE,No Action
FB001413,Tops,H&M,Spring,L,Green, $29.00 ,0%, $29.00 ,25 March 2025,14,2.7,FALSE,No Action
FB001414,Accessories,Forever21,Winter,L,Black, $57.00 ,0%, $57.00 ,06 August 2025,28,3.0,TRUE,Wrong Item
FB001415,Outerwear,Uniqlo,Spring,M,Black, $248.00 ,0%, $248.00 ,29 April 2025,17,4.6,FALSE,No Action
FB001416,Bottoms,Zara,Fall,S,Gray, $108.00 ,41%, $64.00 ,06 August 2025,9,1.3,FALSE,No Action
FB001417,Outerwear,Forever21,Summer,XL,Beige, $124.00 ,0%, $124.00 ,06 August 2025,33,5.0,FALSE,No Action
FB001418,Accessories,Zara,Spring,XL,Brown, $62.00 ,2%, $61.00 ,03 November 2024,4,2.3,FALSE,No Action
FB001419,Bottoms,Uniqlo,Fall,M,Gray, $48.00 ,0%, $48.00 ,06 August 2025,33,3.0,FALSE,No Action
FB001420,Tops,Zara,Spring,XL,Blue, $88.00 ,0%, $88.00 ,16 May 2025,40,4.8,FALSE,No Action
FB001421,Dresses,Gap,Fall,M,Navy, $94.00 ,0%, $94.00 ,06 August 2025,2,3.0,FALSE,No Action
FB001422,Accessories,Forever21,Fall,M,Black, $30.00 ,0%, $30.00 ,06 August 2025,42,3.0,FALSE,No Action
FB001423,Bottoms,Uniqlo,Fall,XS,Purple, $114.00 ,0%, $114.00 ,06 August 2025,9,3.2,FALSE,No Action
FB001424,Shoes,Uniqlo,Fall,XL,Gray, $105.00 ,26%, $77.00 ,06 August 2025,17,3.2,FALSE,No Action
FB001425,Tops,Ann Taylor,Spring,XL,Blue, $38.00 ,0%, $38.00 ,30 May 2025,39,1.5,FALSE,No Action
FB001426,Shoes,Mango,Winter,L,Purple, $64.00 ,0%, $64.00 ,06 August 2025,32,4.5,FALSE,No Action
FB001427,Bottoms,Mango,Winter,S,Green, $63.00 ,57%, $27.00 ,06 August 2025,15,4.0,FALSE,No Action
FB001428,Tops,Zara,Summer,XL,Pink, $67.00 ,11%, $59.00 ,06 August 2025,39,1.1,TRUE,Wrong Item
FB001429,Accessories,H&M,Spring,XL,Blue, $27.00 ,40%, $16.00 ,19 August 2024,20,4.3,FALSE,No Action
FB001430,Tops,Mango,Spring,XL,Brown, $75.00 ,0%, $75.00 ,07 April 2025,8,4.1,FALSE,No Action
FB001431,Dresses,Mango,Winter,M,Navy, $68.00 ,0%, $68.00 ,06 August 2025,1,2.6,FALSE,No Action
FB001432,Accessories,Mango,Summer,M,Purple, $25.00 ,0%, $25.00 ,06 August 2025,35,2.2,TRUE,Size Issue
FB001433,Tops,Ann Taylor,Fall,XS,Red, $70.00 ,0%, $70.00 ,06 August 2025,5,2.3,FALSE,No Action
FB001434,Shoes,H&M,Summer,XS,White, $176.00 ,9%, $161.00 ,06 August 2025,1,1.7,FALSE,No Action
FB001435,Dresses,Ann Taylor,Winter,L,Red, $50.00 ,0%, $50.00 ,06 August 2025,45,4.3,FALSE,No Action
FB001436,Shoes,Mango,Fall,XL,Pink, $155.00 ,0%, $155.00 ,06 August 2025,1,3.5,FALSE,No Action
FB001437,Dresses,Banana Republic,Spring,XL,Blue, $48.00 ,0%, $48.00 ,01 May 2025,20,3.2,FALSE,No Action
FB001438,Tops,Forever21,Spring,XS,Navy, $44.00 ,0%, $44.00 ,19 January 2025,7,3.6,FALSE,No Action
FB001439,Tops,Uniqlo,Spring,XS,Blue, $76.00 ,0%, $76.00 ,12 January 2025,9,2.5,FALSE,No Action
FB001440,Accessories,Gap,Summer,XS,Gray, $35.00 ,50%, $18.00 ,06 August 2025,26,4.0,FALSE,No Action
FB001441,Bottoms,Banana Republic,Fall,XL,Red, $49.00 ,0%, $49.00 ,06 August 2025,11,3.5,TRUE,Quality Issue
FB001442,Outerwear,H&M,Summer,XL,Black, $169.00 ,0%, $169.00 ,06 August 2025,29,1.9,FALSE,No Action
FB001443,Outerwear,Ann Taylor,Spring,XL,White, $209.00 ,14%, $179.00 ,05 March 2025,29,3.0,FALSE,No Action
FB001444,Tops,Gap,Summer,XXL,Pink, $110.00 ,0%, $110.00 ,06 August 2025,24,2.4,FALSE,No Action
FB001445,Accessories,Uniqlo,Fall,XXL,Black, $61.00 ,0%, $61.00 ,06 August 2025,0,4.7,TRUE,Wrong Item
FB001446,Outerwear,Zara,Spring,S,Brown, $190.00 ,15%, $161.00 ,24 July 2025,35,4.1,FALSE,No Action
FB001447,Bottoms,Banana Republic,Fall,XS,Red, $74.00 ,0%, $74.00 ,06 August 2025,6,1.3,FALSE,No Action
FB001448,Outerwear,Zara,Fall,XL,Beige, $163.00 ,30%, $113.00 ,06 August 2025,10,3.0,FALSE,No Action
FB001449,Accessories,Mango,Winter,XL,Purple, $42.00 ,0%, $42.00 ,06 August 2025,22,1.9,FALSE,No Action
FB001450,Bottoms,H&M,Summer,XS,Navy, $52.00 ,0%, $52.00 ,06 August 2025,9,3.0,FALSE,No Action
FB001451,Accessories,Ann Taylor,Spring,XS,Black, $40.00 ,6%, $38.00 ,09 September 2024,26,3.7,TRUE,Wrong Item
FB001452,Shoes,Mango,Summer,XXL,Black, $129.00 ,0%, $129.00 ,06 August 2025,39,2.9,FALSE,No Action
FB001453,Tops,Ann Taylor,Fall,XL,Purple, $63.00 ,0%, $63.00 ,06 August 2025,50,2.5,FALSE,No Action
FB001454,Shoes,H&M,Fall,S,Navy, $191.00 ,1%, $189.00 ,06 August 2025,39,1.2,FALSE,No Action
FB001455,Accessories,Uniqlo,Spring,S,Purple, $63.00 ,0%, $63.00 ,12 November 2024,19,2.9,TRUE,Color Mismatch
FB001456,Tops,Ann Taylor,Winter,XXL,Beige, $35.00 ,0%, $35.00 ,06 August 2025,47,2.3,FALSE,No Action
FB001457,Accessories,Gap,Spring,XXL,Green, $44.00 ,0%, $44.00 ,13 June 2025,36,3.6,FALSE,No Action
FB001458,Shoes,Zara,Spring,XS,White, $186.00 ,43%, $105.00 ,03 October 2024,42,2.5,TRUE,Damaged
FB001459,Tops,H&M,Summer,L,Black, $116.00 ,55%, $52.00 ,06 August 2025,15,3.0,FALSE,No Action
FB001460,Accessories,H&M,Winter,L,Black, $24.00 ,0%, $24.00 ,06 August 2025,7,3.0,FALSE,No Action
FB001461,Accessories,Gap,Winter,L,Navy, $23.00 ,0%, $23.00 ,06 August 2025,17,2.1,FALSE,No Action
FB001462,Bottoms,Forever21,Winter,XL,Green, $73.00 ,0%, $73.00 ,06 August 2025,42,3.0,FALSE,No Action
FB001463,Accessories,Zara,Summer,XL,Black, $51.00 ,0%, $51.00 ,06 August 2025,25,1.2,FALSE,No Action
FB001464,Bottoms,H&M,Winter,XXL,Green, $80.00 ,0%, $80.00 ,06 August 2025,17,3.0,FALSE,No Action
FB001465,Outerwear,Uniqlo,Fall,L,Brown, $237.00 ,0%, $237.00 ,06 August 2025,3,3.4,FALSE,No Action
FB001466,Bottoms,Banana Republic,Spring,S,Brown, $96.00 ,0%, $96.00 ,12 December 2024,34,3.7,FALSE,No Action
FB001467,Bottoms,Banana Republic,Winter,XL,White, $91.00 ,0%, $91.00 ,06 August 2025,29,3.0,FALSE,No Action
FB001468,Shoes,Banana Republic,Fall,XXL,Navy, $194.00 ,0%, $194.00 ,06 August 2025,7,1.3,FALSE,No Action
FB001469,Outerwear,Gap,Summer,S,Red, $166.00 ,0%, $166.00 ,06 August 2025,10,1.6,FALSE,No Action
FB001470,Bottoms,H&M,Winter,S,Red, $47.00 ,0%, $47.00 ,06 August 2025,17,1.6,FALSE,No Action
FB001471,Shoes,Banana Republic,Winter,XXL,Pink, $119.00 ,20%, $95.00 ,06 August 2025,15,3.8,FALSE,No Action
FB001472,Accessories,H&M,Fall,XXL,Red, $73.00 ,54%, $33.00 ,06 August 2025,37,4.1,FALSE,No Action
FB001473,Bottoms,Zara,Fall,L,Black, $108.00 ,0%, $108.00 ,06 August 2025,26,2.4,FALSE,No Action
FB001474,Shoes,Mango,Summer,L,Red, $186.00 ,0%, $186.00 ,06 August 2025,31,2.6,FALSE,No Action
FB001475,Accessories,Zara,Summer,L,Red, $60.00 ,0%, $60.00 ,06 August 2025,13,3.0,FALSE,No Action
FB001476,Accessories,Mango,Winter,L,Navy, $61.00 ,0%, $61.00 ,06 August 2025,28,2.3,FALSE,No Action
FB001477,Shoes,Forever21,Winter,XL,Green, $168.00 ,35%, $109.00 ,06 August 2025,10,3.3,FALSE,No Action
FB001478,Tops,Ann Taylor,Winter,L,Navy, $60.00 ,0%, $60.00 ,06 August 2025,26,3.0,FALSE,No Action
FB001479,Accessories,Gap,Summer,L,Brown, $39.00 ,30%, $27.00 ,06 August 2025,13,4.7,FALSE,No Action
FB001480,Tops,Gap,Fall,M,Pink, $111.00 ,0%, $111.00 ,06 August 2025,24,2.2,FALSE,No Action
FB001481,Dresses,Banana Republic,Summer,M,Green, $133.00 ,0%, $133.00 ,06 August 2025,5,1.7,TRUE,Quality Issue
FB001482,Dresses,Forever21,Summer,XS,Pink, $158.00 ,44%, $89.00 ,06 August 2025,46,3.0,FALSE,No Action
FB001483,Tops,Gap,Spring,XS,Brown, $65.00 ,19%, $52.00 ,29 August 2024,48,3.0,FALSE,No Action
FB001484,Accessories,Zara,Fall,XS,Green, $72.00 ,0%, $72.00 ,06 August 2025,24,2.9,FALSE,No Action
FB001485,Dresses,Banana Republic,Fall,XL,White, $133.00 ,22%, $105.00 ,06 August 2025,42,3.1,FALSE,No Action
FB001486,Tops,Zara,Spring,XXL,Purple, $74.00 ,0%, $74.00 ,07 December 2024,24,4.4,FALSE,No Action
FB001487,Shoes,Banana Republic,Summer,XL,Beige, $192.00 ,48%, $101.00 ,06 August 2025,40,2.8,FALSE,No Action
FB001488,Accessories,Uniqlo,Summer,XL,Red, $79.00 ,2%, $77.00 ,06 August 2025,16,2.8,FALSE,No Action
FB001489,Shoes,Zara,Winter,S,White, $158.00 ,0%, $158.00 ,06 August 2025,5,1.6,FALSE,No Action
FB001490,Tops,Ann Taylor,Winter,L,White, $69.00 ,0%, $69.00 ,06 August 2025,26,4.9,FALSE,No Action
FB001491,Shoes,Gap,Winter,XS,Brown, $86.00 ,20%, $69.00 ,06 August 2025,49,1.3,FALSE,No Action
FB001492,Outerwear,Uniqlo,Fall,L,Green, $162.00 ,0%, $162.00 ,06 August 2025,13,4.8,FALSE,No Action
FB001493,Shoes,H&M,Summer,M,Blue, $70.00 ,0%, $70.00 ,06 August 2025,27,4.7,FALSE,No Action
FB001494,Bottoms,Mango,Spring,S,White, $111.00 ,0%, $111.00 ,22 July 2025,28,1.8,FALSE,No Action
FB001495,Outerwear,Ann Taylor,Fall,S,Purple, $143.00 ,0%, $143.00 ,06 August 2025,7,2.0,FALSE,No Action
FB001496,Dresses,H&M,Summer,S,Purple, $169.00 ,0%, $169.00 ,06 August 2025,17,1.3,FALSE,No Action
FB001497,Shoes,Zara,Winter,XL,White, $72.00 ,0%, $72.00 ,06 August 2025,0,3.0,FALSE,No Action
FB001498,Outerwear,Forever21,Winter,XS,Purple, $136.00 ,10%, $122.00 ,06 August 2025,10,3.6,FALSE,No Action
FB001499,Tops,Forever21,Summer,S,Red, $92.00 ,0%, $92.00 ,06 August 2025,15,2.7,FALSE,No Action
FB001500,Shoes,Banana Republic,Winter,L,Purple, $89.00 ,0%, $89.00 ,06 August 2025,5,4.5,FALSE,No Action
FB001501,Outerwear,H&M,Spring,L,Beige, $161.00 ,0%, $161.00 ,02 November 2024,22,4.7,FALSE,No Action
FB001502,Accessories,Zara,Winter,L,Brown, $38.00 ,0%, $38.00 ,06 August 2025,18,4.4,TRUE,Damaged
FB001503,Dresses,H&M,Summer,XS,Purple, $100.00 ,0%, $100.00 ,06 August 2025,23,4.8,FALSE,No Action
FB001504,Dresses,Uniqlo,Fall,L,White, $161.00 ,0%, $161.00 ,06 August 2025,44,3.9,FALSE,No Action
FB001505,Bottoms,Ann Taylor,Fall,XL,Black, $46.00 ,0%, $46.00 ,06 August 2025,2,3.7,TRUE,Changed Mind
FB001506,Shoes,Uniqlo,Spring,L,Brown, $199.00 ,44%, $111.00 ,20 November 2024,19,1.8,FALSE,No Action
FB001507,Bottoms,Forever21,Summer,XXL,Black, $25.00 ,0%, $25.00 ,06 August 2025,5,3.1,FALSE,No Action
FB001508,Shoes,Forever21,Winter,M,Navy, $180.00 ,0%, $180.00 ,06 August 2025,31,4.4,FALSE,No Action
FB001509,Shoes,Forever21,Spring,L,Green, $198.00 ,46%, $106.00 ,19 May 2025,8,3.2,FALSE,No Action
FB001510,Dresses,Uniqlo,Summer,L,Navy, $161.00 ,5%, $152.00 ,06 August 2025,33,3.7,FALSE,No Action
FB001511,Bottoms,Zara,Spring,M,Gray, $25.00 ,0%, $25.00 ,28 November 2024,31,1.2,FALSE,No Action
FB001512,Tops,Forever21,Summer,L,Beige, $85.00 ,40%, $51.00 ,06 August 2025,44,3.0,FALSE,No Action
FB001513,Accessories,Uniqlo,Summer,L,Pink, $75.00 ,11%, $66.00 ,06 August 2025,12,1.2,FALSE,No Action
FB001514,Accessories,Ann Taylor,Winter,L,Beige, $33.00 ,0%, $33.00 ,06 August 2025,9,3.0,FALSE,No Action
FB001515,Shoes,Banana Republic,Summer,XS,Purple, $142.00 ,12%, $124.00 ,06 August 2025,39,3.3,FALSE,No Action
FB001516,Dresses,H&M,Fall,XL,Green, $125.00 ,0%, $125.00 ,06 August 2025,26,1.1,FALSE,No Action
FB001517,Shoes,H&M,Winter,L,Blue, $138.00 ,0%, $138.00 ,06 August 2025,16,3.0,TRUE,Size Issue
FB001518,Bottoms,Ann Taylor,Spring,XL,Pink, $81.00 ,38%, $50.00 ,16 February 2025,44,3.0,FALSE,No Action
FB001519,Accessories,Uniqlo,Fall,XL,Brown, $78.00 ,47%, $41.00 ,06 August 2025,20,4.0,FALSE,No Action
FB001520,Bottoms,Banana Republic,Spring,XL,Navy, $119.00 ,16%, $100.00 ,16 August 2024,35,3.0,FALSE,No Action
FB001521,Accessories,Ann Taylor,Spring,XL,Black, $52.00 ,0%, $52.00 ,26 July 2025,36,4.6,FALSE,No Action
FB001522,Accessories,Mango,Winter,XL,Blue, $69.00 ,0%, $69.00 ,06 August 2025,17,3.4,FALSE,No Action
FB001523,Outerwear,Banana Republic,Summer,L,Gray, $177.00 ,0%, $177.00 ,06 August 2025,9,1.1,FALSE,No Action
FB001524,Shoes,Banana Republic,Winter,L,Pink, $142.00 ,0%, $142.00 ,06 August 2025,28,1.0,FALSE,No Action
FB001525,Bottoms,Zara,Spring,XS,Blue, $105.00 ,0%, $105.00 ,02 November 2024,41,4.9,FALSE,No Action
FB001526,Accessories,Forever21,Fall,XS,Gray, $65.00 ,50%, $32.00 ,06 August 2025,32,4.9,FALSE,No Action
FB001527,Outerwear,Uniqlo,Winter,M,Navy, $167.00 ,0%, $167.00 ,06 August 2025,43,1.8,FALSE,No Action
FB001528,Accessories,Uniqlo,Winter,M,Red, $49.00 ,0%, $49.00 ,06 August 2025,32,2.4,FALSE,No Action
FB001529,Outerwear,Banana Republic,Fall,S,White, $218.00 ,0%, $218.00 ,06 August 2025,32,4.0,FALSE,No Action
FB001530,Bottoms,Gap,Summer,XS,White, $66.00 ,22%, $52.00 ,06 August 2025,25,3.5,TRUE,Changed Mind
FB001531,Outerwear,Ann Taylor,Fall,S,Gray, $124.00 ,41%, $73.00 ,06 August 2025,9,4.1,FALSE,No Action
FB001532,Tops,Mango,Summer,S,Pink, $28.00 ,48%, $14.00 ,06 August 2025,20,4.5,FALSE,No Action
FB001533,Accessories,Zara,Summer,S,Purple, $76.00 ,54%, $35.00 ,06 August 2025,15,1.5,FALSE,No Action
FB001534,Bottoms,Zara,Winter,M,Blue, $96.00 ,0%, $96.00 ,06 August 2025,0,1.1,FALSE,No Action
FB001535,Shoes,Banana Republic,Fall,XS,Navy, $159.00 ,28%, $114.00 ,06 August 2025,1,3.0,TRUE,Wrong Item
FB001536,Dresses,Zara,Summer,XXL,Navy, $171.00 ,52%, $82.00 ,06 August 2025,28,2.2,FALSE,No Action
FB001537,Tops,Zara,Summer,XS,Brown, $85.00 ,0%, $85.00 ,06 August 2025,11,3.0,FALSE,No Action
FB001538,Tops,Banana Republic,Spring,XXL,Pink, $70.00 ,0%, $70.00 ,27 November 2024,22,1.2,FALSE,No Action
FB001539,Outerwear,Banana Republic,Spring,S,Brown, $203.00 ,0%, $203.00 ,17 May 2025,23,3.5,TRUE,Quality Issue
FB001540,Dresses,Ann Taylor,Fall,XXL,Pink, $115.00 ,11%, $102.00 ,06 August 2025,4,3.8,FALSE,No Action
FB001541,Accessories,Mango,Spring,XXL,Pink, $27.00 ,50%, $14.00 ,13 February 2025,12,2.6,FALSE,No Action
FB001542,Accessories,H&M,Winter,XXL,Navy, $79.00 ,0%, $79.00 ,06 August 2025,44,1.6,FALSE,No Action
FB001543,Bottoms,Forever21,Fall,S,Brown, $47.00 ,0%, $47.00 ,06 August 2025,19,1.9,FALSE,No Action
FB001544,Shoes,H&M,Fall,S,Brown, $172.00 ,15%, $146.00 ,06 August 2025,8,3.7,FALSE,No Action
FB001545,Accessories,Zara,Winter,S,Black, $27.00 ,0%, $27.00 ,06 August 2025,27,3.0,TRUE,Changed Mind
FB001546,Dresses,Zara,Spring,S,Beige, $139.00 ,0%, $139.00 ,02 January 2025,32,3.4,FALSE,No Action
FB001547,Accessories,Ann Taylor,Summer,S,Gray, $30.00 ,0%, $30.00 ,06 August 2025,34,4.2,FALSE,No Action
FB001548,Outerwear,Gap,Fall,M,Purple, $141.00 ,40%, $85.00 ,06 August 2025,47,3.5,FALSE,No Action
FB001549,Dresses,Gap,Spring,XL,Gray, $47.00 ,24%, $35.00 ,15 June 2025,42,2.8,FALSE,No Action
FB001550,Bottoms,Gap,Winter,XS,Navy, $51.00 ,6%, $48.00 ,06 August 2025,46,3.0,FALSE,No Action
FB001551,Tops,Gap,Spring,XS,White, $74.00 ,0%, $74.00 ,13 November 2024,23,3.0,FALSE,No Action
FB001552,Dresses,Zara,Fall,XL,Purple, $156.00 ,5%, $148.00 ,06 August 2025,39,3.0,FALSE,No Action
FB001553,Outerwear,Banana Republic,Summer,XS,Green, $105.00 ,0%, $105.00 ,06 August 2025,1,3.0,FALSE,No Action
FB001554,Dresses,H&M,Winter,S,Navy, $126.00 ,0%, $126.00 ,06 August 2025,24,2.2,FALSE,No Action
FB001555,Tops,Gap,Winter,L,Navy, $35.00 ,0%, $35.00 ,06 August 2025,48,4.3,TRUE,Damaged
FB001556,Outerwear,Ann Taylor,Winter,M,White, $80.00 ,0%, $80.00 ,06 August 2025,13,2.3,FALSE,No Action
FB001557,Bottoms,Gap,Fall,M,Navy, $68.00 ,0%, $68.00 ,06 August 2025,34,2.7,FALSE,No Action
FB001558,Dresses,Ann Taylor,Fall,XL,White, $60.00 ,0%, $60.00 ,06 August 2025,35,3.0,FALSE,No Action
FB001559,Tops,H&M,Spring,L,Brown, $59.00 ,0%, $59.00 ,06 April 2025,50,2.2,TRUE,Size Issue
FB001560,Accessories,Gap,Fall,L,Black, $75.00 ,0%, $75.00 ,06 August 2025,8,2.0,FALSE,No Action
FB001561,Tops,H&M,Summer,L,Beige, $55.00 ,0%, $55.00 ,06 August 2025,30,3.0,FALSE,No Action
FB001562,Shoes,Gap,Winter,XL,Beige, $190.00 ,45%, $104.00 ,06 August 2025,2,1.1,FALSE,No Action
FB001563,Bottoms,Zara,Summer,M,Pink, $89.00 ,10%, $80.00 ,06 August 2025,4,3.0,FALSE,No Action
FB001564,Shoes,Banana Republic,Summer,M,White, $79.00 ,9%, $72.00 ,06 August 2025,16,4.6,TRUE,Wrong Item
FB001565,Bottoms,Mango,Spring,XXL,Gray, $84.00 ,0%, $84.00 ,08 July 2025,46,4.6,FALSE,No Action
FB001566,Bottoms,Forever21,Fall,M,Black, $69.00 ,0%, $69.00 ,06 August 2025,41,3.0,FALSE,No Action
FB001567,Outerwear,Banana Republic,Spring,XS,Navy, $229.00 ,0%, $229.00 ,17 July 2025,37,2.0,FALSE,No Action
FB001568,Dresses,Banana Republic,Winter,L,White, $103.00 ,0%, $103.00 ,06 August 2025,40,4.4,FALSE,No Action
FB001569,Outerwear,Zara,Spring,XS,Beige, $228.00 ,0%, $228.00 ,07 February 2025,7,2.5,TRUE,Quality Issue
FB001570,Accessories,Zara,Summer,XS,White, $44.00 ,29%, $31.00 ,06 August 2025,20,4.9,FALSE,No Action
FB001571,Bottoms,Uniqlo,Spring,XS,Gray, $28.00 ,55%, $13.00 ,14 May 2025,2,4.4,TRUE,Color Mismatch
FB001572,Outerwear,Mango,Spring,XXL,Red, $158.00 ,37%, $100.00 ,27 January 2025,11,4.5,FALSE,No Action
FB001573,Accessories,Zara,Spring,XXL,Brown, $39.00 ,12%, $34.00 ,30 September 2024,0,3.1,FALSE,No Action
FB001574,Tops,Ann Taylor,Spring,S,Blue, $52.00 ,12%, $46.00 ,19 December 2024,39,2.3,FALSE,No Action
FB001575,Bottoms,Gap,Spring,S,Red, $70.00 ,34%, $46.00 ,24 January 2025,28,3.1,FALSE,No Action
FB001576,Outerwear,Forever21,Summer,S,Beige, $123.00 ,0%, $123.00 ,06 August 2025,13,2.8,FALSE,No Action
FB001577,Outerwear,Mango,Summer,L,Navy, $215.00 ,16%, $180.00 ,06 August 2025,9,2.4,FALSE,No Action
FB001578,Outerwear,Gap,Summer,XS,Blue, $82.00 ,1%, $82.00 ,06 August 2025,24,3.0,TRUE,Damaged
FB001579,Tops,Gap,Winter,XL,Purple, $33.00 ,0%, $33.00 ,06 August 2025,36,3.6,FALSE,No Action
FB001580,Bottoms,Banana Republic,Spring,L,Gray, $37.00 ,54%, $17.00 ,27 June 2025,48,3.8,FALSE,No Action
FB001581,Bottoms,Mango,Winter,L,Red, $76.00 ,49%, $39.00 ,06 August 2025,5,1.2,FALSE,No Action
FB001582,Outerwear,H&M,Winter,S,Beige, $208.00 ,0%, $208.00 ,06 August 2025,24,3.6,FALSE,No Action
FB001583,Dresses,Gap,Spring,XL,Red, $131.00 ,16%, $110.00 ,12 August 2024,49,1.4,TRUE,Damaged
FB001584,Bottoms,Mango,Summer,XXL,Blue, $117.00 ,0%, $117.00 ,06 August 2025,14,3.2,FALSE,No Action
FB001585,Accessories,Mango,Summer,XXL,Green, $23.00 ,49%, $11.00 ,06 August 2025,13,3.6,FALSE,No Action
FB001586,Accessories,Forever21,Summer,XXL,Red, $47.00 ,0%, $47.00 ,06 August 2025,24,4.4,TRUE,Wrong Item
FB001587,Bottoms,Zara,Fall,L,Pink, $33.00 ,38%, $20.00 ,06 August 2025,11,2.9,FALSE,No Action
FB001588,Accessories,Uniqlo,Winter,L,Navy, $65.00 ,7%, $61.00 ,06 August 2025,41,4.3,FALSE,No Action
FB001589,Tops,H&M,Spring,L,Green, $47.00 ,29%, $33.00 ,20 June 2025,38,5.0,FALSE,No Action
FB001590,Tops,Forever21,Spring,XS,Green, $93.00 ,0%, $93.00 ,27 December 2024,39,4.0,FALSE,No Action
FB001591,Bottoms,Forever21,Summer,XXL,White, $31.00 ,0%, $31.00 ,06 August 2025,2,3.0,FALSE,No Action
FB001592,Bottoms,Banana Republic,Winter,XXL,Brown, $64.00 ,0%, $64.00 ,06 August 2025,3,2.8,FALSE,No Action
FB001593,Accessories,Banana Republic,Winter,XXL,Green, $56.00 ,8%, $51.00 ,06 August 2025,12,3.8,FALSE,No Action
FB001594,Tops,Uniqlo,Summer,XXL,Beige, $70.00 ,0%, $70.00 ,06 August 2025,14,4.7,TRUE,Size Issue
FB001595,Shoes,Banana Republic,Winter,M,Purple, $149.00 ,0%, $149.00 ,06 August 2025,26,3.8,FALSE,No Action
FB001596,Shoes,Zara,Spring,S,White, $83.00 ,0%, $83.00 ,03 September 2024,48,3.2,FALSE,No Action
FB001597,Outerwear,H&M,Fall,XL,Blue, $121.00 ,0%, $121.00 ,06 August 2025,18,3.3,FALSE,No Action
FB001598,Bottoms,Zara,Winter,M,Purple, $48.00 ,0%, $48.00 ,06 August 2025,3,3.0,TRUE,Damaged
FB001599,Dresses,Ann Taylor,Winter,M,Blue, $79.00 ,0%, $79.00 ,06 August 2025,4,4.1,FALSE,No Action
FB001600,Outerwear,Mango,Spring,XS,Gray, $198.00 ,0%, $198.00 ,24 January 2025,46,3.0,FALSE,No Action
FB001601,Outerwear,Banana Republic,Summer,M,Green, $109.00 ,0%, $109.00 ,06 August 2025,32,2.3,FALSE,No Action
FB001602,Accessories,Banana Republic,Summer,M,Red, $34.00 ,50%, $17.00 ,06 August 2025,26,2.2,FALSE,No Action
FB001603,Shoes,Zara,Winter,M,Gray, $112.00 ,0%, $112.00 ,06 August 2025,5,2.0,TRUE,Color Mismatch
FB001604,Bottoms,Gap,Fall,XS,White, $25.00 ,0%, $25.00 ,06 August 2025,9,2.5,FALSE,No Action
FB001605,Dresses,Uniqlo,Spring,XL,Green, $170.00 ,0%, $170.00 ,05 September 2024,23,4.3,FALSE,No Action
FB001606,Dresses,Mango,Winter,XXL,Green, $77.00 ,0%, $77.00 ,06 August 2025,30,2.2,TRUE,Color Mismatch
FB001607,Shoes,Mango,Winter,XS,Black, $111.00 ,0%, $111.00 ,06 August 2025,17,4.6,FALSE,No Action
FB001608,Accessories,Forever21,Fall,XS,Black, $24.00 ,0%, $24.00 ,06 August 2025,37,3.0,FALSE,No Action
FB001609,Tops,Uniqlo,Spring,XL,Red, $61.00 ,0%, $61.00 ,22 August 2024,41,3.5,FALSE,No Action
FB001610,Accessories,Gap,Fall,XL,Blue, $60.00 ,7%, $56.00 ,06 August 2025,46,3.6,FALSE,No Action
FB001611,Accessories,Mango,Fall,XL,Purple, $34.00 ,5%, $33.00 ,06 August 2025,18,3.0,FALSE,No Action
FB001612,Bottoms,Banana Republic,Spring,XL,Red, $30.00 ,0%, $30.00 ,14 January 2025,17,1.2,FALSE,No Action
FB001613,Dresses,Banana Republic,Winter,XXL,Navy, $65.00 ,40%, $39.00 ,06 August 2025,27,1.2,FALSE,No Action
FB001614,Shoes,Forever21,Summer,S,Beige, $114.00 ,43%, $64.00 ,06 August 2025,16,1.4,FALSE,No Action
FB001615,Dresses,Mango,Spring,S,White, $145.00 ,0%, $145.00 ,27 September 2024,13,4.0,FALSE,No Action
FB001616,Shoes,Zara,Summer,S,Red, $121.00 ,44%, $67.00 ,06 August 2025,2,4.4,FALSE,No Action
FB001617,Shoes,Forever21,Summer,XXL,Green, $94.00 ,0%, $94.00 ,06 August 2025,30,1.5,FALSE,No Action
FB001618,Outerwear,Forever21,Fall,M,Purple, $218.00 ,0%, $218.00 ,06 August 2025,5,3.0,FALSE,No Action
FB001619,Outerwear,Uniqlo,Fall,S,Black, $80.00 ,12%, $70.00 ,06 August 2025,35,1.5,FALSE,No Action
FB001620,Shoes,Gap,Winter,XL,Beige, $183.00 ,0%, $183.00 ,06 August 2025,7,2.0,FALSE,No Action
FB001621,Outerwear,Uniqlo,Fall,XS,White, $241.00 ,0%, $241.00 ,06 August 2025,38,3.5,FALSE,No Action
FB001622,Outerwear,Mango,Spring,XS,White, $216.00 ,29%, $154.00 ,12 August 2024,43,1.3,FALSE,No Action
FB001623,Dresses,Uniqlo,Spring,S,Pink, $63.00 ,54%, $29.00 ,20 May 2025,4,1.5,TRUE,Color Mismatch
FB001624,Accessories,Banana Republic,Spring,S,Green, $44.00 ,0%, $44.00 ,17 March 2025,29,3.2,FALSE,No Action
FB001625,Tops,Zara,Fall,XXL,White, $28.00 ,40%, $16.00 ,06 August 2025,21,2.7,FALSE,No Action
FB001626,Shoes,Ann Taylor,Fall,XXL,Green, $131.00 ,27%, $95.00 ,06 August 2025,6,2.8,TRUE,Damaged
FB001627,Outerwear,Forever21,Fall,M,Blue, $166.00 ,31%, $115.00 ,06 August 2025,14,4.2,TRUE,Changed Mind
FB001628,Tops,Banana Republic,Winter,S,Navy, $39.00 ,31%, $27.00 ,06 August 2025,17,2.5,FALSE,No Action
FB001629,Outerwear,Uniqlo,Summer,M,Blue, $89.00 ,58%, $37.00 ,06 August 2025,21,2.6,FALSE,No Action
FB001630,Outerwear,Mango,Fall,M,Purple, $138.00 ,0%, $138.00 ,06 August 2025,25,2.0,FALSE,No Action
FB001631,Accessories,Uniqlo,Fall,M,Beige, $43.00 ,0%, $43.00 ,06 August 2025,28,2.8,FALSE,No Action
FB001632,Tops,Forever21,Fall,XL,Brown, $63.00 ,18%, $52.00 ,06 August 2025,45,2.4,FALSE,No Action
FB001633,Accessories,Zara,Spring,XL,Red, $74.00 ,0%, $74.00 ,28 April 2025,38,2.8,FALSE,No Action
FB001634,Shoes,Uniqlo,Spring,S,Gray, $148.00 ,11%, $132.00 ,27 August 2024,44,1.3,FALSE,No Action
FB001635,Tops,Gap,Spring,XL,Gray, $93.00 ,0%, $93.00 ,12 February 2025,20,2.2,FALSE,No Action
FB001636,Outerwear,Uniqlo,Summer,XXL,Red, $245.00 ,44%, $137.00 ,06 August 2025,44,3.0,FALSE,No Action
FB001637,Tops,Banana Republic,Spring,XXL,Red, $43.00 ,46%, $23.00 ,03 December 2024,47,3.7,TRUE,Changed Mind
FB001638,Accessories,Ann Taylor,Fall,XXL,Black, $40.00 ,46%, $21.00 ,06 August 2025,50,2.2,FALSE,No Action
FB001639,Outerwear,H&M,Fall,M,Beige, $209.00 ,4%, $202.00 ,06 August 2025,18,4.1,FALSE,No Action
FB001640,Accessories,Mango,Winter,M,Brown, $38.00 ,0%, $38.00 ,06 August 2025,0,1.6,FALSE,No Action
FB001641,Outerwear,Ann Taylor,Spring,XXL,Beige, $123.00 ,0%, $123.00 ,05 April 2025,13,1.2,FALSE,No Action
FB001642,Accessories,Uniqlo,Summer,XXL,Pink, $39.00 ,0%, $39.00 ,06 August 2025,32,3.1,FALSE,No Action
FB001643,Dresses,H&M,Summer,M,Gray, $80.00 ,0%, $80.00 ,06 August 2025,43,3.8,FALSE,No Action
FB001644,Tops,Uniqlo,Spring,XXL,Purple, $35.00 ,10%, $31.00 ,30 May 2025,5,3.8,FALSE,No Action
FB001645,Tops,H&M,Summer,M,Black, $27.00 ,29%, $19.00 ,06 August 2025,19,1.0,FALSE,No Action
FB001646,Outerwear,Mango,Spring,M,Navy, $187.00 ,0%, $187.00 ,25 April 2025,25,1.8,FALSE,No Action
FB001647,Outerwear,H&M,Winter,XXL,Black, $193.00 ,35%, $126.00 ,06 August 2025,26,3.0,FALSE,No Action
FB001648,Shoes,Banana Republic,Spring,M,Black, $157.00 ,40%, $94.00 ,02 August 2025,23,3.1,FALSE,No Action
FB001649,Shoes,Zara,Winter,L,Black, $119.00 ,8%, $109.00 ,06 August 2025,20,3.1,FALSE,No Action
FB001650,Dresses,Forever21,Winter,M,White, $150.00 ,5%, $142.00 ,06 August 2025,24,1.7,FALSE,No Action
FB001651,Dresses,Uniqlo,Summer,L,Blue, $153.00 ,0%, $153.00 ,06 August 2025,26,1.1,FALSE,No Action
FB001652,Tops,Banana Republic,Winter,S,Pink, $118.00 ,48%, $62.00 ,06 August 2025,11,2.8,FALSE,No Action
FB001653,Accessories,H&M,Spring,S,Navy, $50.00 ,0%, $50.00 ,09 March 2025,27,2.4,FALSE,No Action
FB001654,Dresses,Gap,Spring,XS,Blue, $93.00 ,60%, $37.00 ,24 April 2025,21,3.0,FALSE,No Action
FB001655,Tops,Uniqlo,Summer,S,Red, $50.00 ,0%, $50.00 ,06 August 2025,30,4.1,FALSE,No Action
FB001656,Shoes,Mango,Summer,XS,White, $97.00 ,0%, $97.00 ,06 August 2025,29,1.3,FALSE,No Action
FB001657,Tops,Uniqlo,Summer,S,Gray, $69.00 ,0%, $69.00 ,06 August 2025,32,4.5,FALSE,No Action
FB001658,Accessories,Mango,Fall,S,Purple, $30.00 ,27%, $22.00 ,06 August 2025,15,3.0,FALSE,No Action
FB001659,Tops,Banana Republic,Winter,L,Beige, $84.00 ,59%, $34.00 ,06 August 2025,42,3.0,FALSE,No Action
FB001660,Tops,Forever21,Fall,XS,White, $116.00 ,0%, $116.00 ,06 August 2025,3,1.5,FALSE,No Action
FB001661,Tops,H&M,Summer,XL,Navy, $40.00 ,0%, $40.00 ,06 August 2025,41,1.1,TRUE,Changed Mind
FB001662,Outerwear,Ann Taylor,Summer,XL,Black, $118.00 ,0%, $118.00 ,06 August 2025,36,1.8,TRUE,Wrong Item
FB001663,Bottoms,Ann Taylor,Summer,XXL,Black, $26.00 ,0%, $26.00 ,06 August 2025,18,3.2,FALSE,No Action
FB001664,Dresses,Banana Republic,Fall,S,Green, $113.00 ,0%, $113.00 ,06 August 2025,13,3.0,FALSE,No Action
FB001665,Tops,Gap,Summer,L,Black, $40.00 ,9%, $36.00 ,06 August 2025,13,2.5,FALSE,No Action
FB001666,Bottoms,Forever21,Summer,L,Pink, $98.00 ,0%, $98.00 ,06 August 2025,7,4.6,FALSE,No Action
FB001667,Bottoms,Forever21,Winter,XS,Red, $83.00 ,0%, $83.00 ,06 August 2025,17,1.7,TRUE,Size Issue
FB001668,Shoes,H&M,Spring,XXL,Purple, $179.00 ,24%, $136.00 ,13 July 2025,0,3.1,FALSE,No Action
FB001669,Tops,Zara,Spring,XXL,Green, $47.00 ,0%, $47.00 ,21 December 2024,44,1.9,FALSE,No Action
FB001670,Outerwear,Mango,Winter,XL,Navy, $89.00 ,0%, $89.00 ,06 August 2025,43,3.8,FALSE,No Action
FB001671,Dresses,Gap,Summer,XXL,Black, $114.00 ,0%, $114.00 ,06 August 2025,15,3.0,FALSE,No Action
FB001672,Shoes,Gap,Summer,L,Green, $169.00 ,60%, $68.00 ,06 August 2025,16,1.8,FALSE,No Action
FB001673,Tops,H&M,Fall,XS,White, $77.00 ,0%, $77.00 ,06 August 2025,42,3.0,FALSE,No Action
FB001674,Bottoms,Ann Taylor,Fall,XS,Pink, $103.00 ,0%, $103.00 ,06 August 2025,12,4.4,FALSE,No Action
FB001675,Accessories,Forever21,Fall,XS,Black, $42.00 ,0%, $42.00 ,06 August 2025,36,1.1,FALSE,No Action
FB001676,Dresses,Banana Republic,Fall,XS,Brown, $126.00 ,0%, $126.00 ,06 August 2025,16,3.5,FALSE,No Action
FB001677,Accessories,Banana Republic,Summer,XS,Beige, $43.00 ,0%, $43.00 ,06 August 2025,31,2.5,FALSE,No Action
FB001678,Shoes,Banana Republic,Fall,S,Beige, $94.00 ,0%, $94.00 ,06 August 2025,24,1.4,FALSE,No Action
FB001679,Shoes,Zara,Fall,M,Red, $151.00 ,0%, $151.00 ,06 August 2025,39,4.0,TRUE,Damaged
FB001680,Accessories,Gap,Spring,M,Navy, $61.00 ,0%, $61.00 ,25 August 2024,44,3.0,FALSE,No Action
FB001681,Shoes,Mango,Summer,M,Navy, $185.00 ,0%, $185.00 ,06 August 2025,35,1.3,FALSE,No Action
FB001682,Dresses,Gap,Fall,M,Red, $113.00 ,0%, $113.00 ,06 August 2025,47,2.0,FALSE,No Action
FB001683,Tops,Banana Republic,Summer,L,Brown, $110.00 ,35%, $72.00 ,06 August 2025,2,2.5,FALSE,No Action
FB001684,Tops,Uniqlo,Summer,XXL,White, $29.00 ,0%, $29.00 ,06 August 2025,4,5.0,FALSE,No Action
FB001685,Shoes,Forever21,Spring,XL,Gray, $164.00 ,52%, $79.00 ,07 September 2024,27,3.4,FALSE,No Action
FB001686,Bottoms,Banana Republic,Winter,L,White, $52.00 ,49%, $26.00 ,06 August 2025,37,3.5,TRUE,Changed Mind
FB001687,Dresses,Ann Taylor,Winter,XXL,Gray, $175.00 ,43%, $100.00 ,06 August 2025,48,3.0,TRUE,Changed Mind
FB001688,Tops,Ann Taylor,Spring,XS,Beige, $57.00 ,28%, $41.00 ,25 December 2024,43,1.8,FALSE,No Action
FB001689,Dresses,Ann Taylor,Winter,L,Black, $158.00 ,0%, $158.00 ,06 August 2025,41,3.1,FALSE,No Action
FB001690,Outerwear,Mango,Fall,L,Pink, $153.00 ,0%, $153.00 ,06 August 2025,27,1.7,FALSE,No Action
FB001691,Accessories,Zara,Spring,L,Brown, $54.00 ,0%, $54.00 ,12 April 2025,44,3.1,FALSE,No Action
FB001692,Accessories,Uniqlo,Spring,L,Purple, $32.00 ,19%, $26.00 ,27 July 2025,8,4.3,FALSE,No Action
FB001693,Accessories,Mango,Fall,L,Brown, $66.00 ,29%, $47.00 ,06 August 2025,37,1.3,FALSE,No Action
FB001694,Accessories,Mango,Winter,L,Blue, $32.00 ,50%, $16.00 ,06 August 2025,46,3.0,FALSE,No Action
FB001695,Accessories,H&M,Fall,L,Gray, $54.00 ,19%, $43.00 ,06 August 2025,19,1.8,FALSE,No Action
FB001696,Accessories,Banana Republic,Summer,L,Navy, $19.00 ,0%, $19.00 ,06 August 2025,29,1.5,TRUE,Size Issue
FB001697,Tops,Zara,Spring,XS,Gray, $105.00 ,24%, $79.00 ,14 June 2025,47,5.0,FALSE,No Action
FB001698,Accessories,Banana Republic,Summer,XS,Green, $20.00 ,20%, $16.00 ,06 August 2025,47,2.9,TRUE,Changed Mind
FB001699,Bottoms,Mango,Summer,S,Brown, $105.00 ,20%, $84.00 ,06 August 2025,39,4.3,FALSE,No Action
FB001700,Dresses,Ann Taylor,Winter,XS,Green, $156.00 ,0%, $156.00 ,06 August 2025,15,5.0,FALSE,No Action
FB001701,Shoes,Mango,Winter,XS,Brown, $162.00 ,6%, $152.00 ,06 August 2025,39,1.4,FALSE,No Action
FB001702,Tops,H&M,Spring,M,Beige, $75.00 ,7%, $70.00 ,29 March 2025,13,3.3,FALSE,No Action
FB001703,Accessories,Forever21,Summer,M,Pink, $32.00 ,0%, $32.00 ,06 August 2025,41,1.8,FALSE,No Action
FB001704,Tops,Gap,Fall,M,Black, $27.00 ,32%, $18.00 ,06 August 2025,2,3.7,TRUE,Size Issue
FB001705,Bottoms,Banana Republic,Spring,M,Purple, $31.00 ,0%, $31.00 ,03 August 2025,45,1.3,FALSE,No Action
FB001706,Bottoms,Zara,Summer,XXL,Beige, $77.00 ,39%, $47.00 ,06 August 2025,19,2.6,FALSE,No Action
FB001707,Dresses,H&M,Winter,XL,Pink, $51.00 ,0%, $51.00 ,06 August 2025,10,1.0,FALSE,No Action
FB001708,Outerwear,Zara,Fall,M,Pink, $108.00 ,0%, $108.00 ,06 August 2025,44,2.4,FALSE,No Action
FB001709,Tops,Forever21,Winter,XXL,Black, $84.00 ,0%, $84.00 ,06 August 2025,20,3.7,FALSE,No Action
FB001710,Bottoms,Mango,Spring,L,Pink, $76.00 ,0%, $76.00 ,10 June 2025,16,1.0,TRUE,Color Mismatch
FB001711,Accessories,Uniqlo,Spring,L,Gray, $50.00 ,0%, $50.00 ,24 April 2025,36,3.0,FALSE,No Action
FB001712,Tops,Gap,Spring,S,Pink, $43.00 ,0%, $43.00 ,17 July 2025,30,2.3,FALSE,No Action
FB001713,Dresses,Uniqlo,Fall,XL,Gray, $149.00 ,54%, $68.00 ,06 August 2025,41,2.2,FALSE,No Action
FB001714,Bottoms,Gap,Summer,XS,Gray, $48.00 ,32%, $32.00 ,06 August 2025,46,3.7,FALSE,No Action
FB001715,Bottoms,H&M,Summer,S,Brown, $66.00 ,22%, $51.00 ,06 August 2025,28,2.5,TRUE,Changed Mind
FB001716,Shoes,H&M,Fall,XXL,Navy, $82.00 ,0%, $82.00 ,06 August 2025,30,4.1,FALSE,No Action
FB001717,Bottoms,Ann Taylor,Winter,XXL,Black, $42.00 ,0%, $42.00 ,06 August 2025,37,1.4,FALSE,No Action
FB001718,Bottoms,Ann Taylor,Summer,M,Red, $109.00 ,0%, $109.00 ,06 August 2025,24,1.7,FALSE,No Action
FB001719,Accessories,Ann Taylor,Winter,M,Beige, $59.00 ,0%, $59.00 ,06 August 2025,28,2.2,FALSE,No Action
FB001720,Dresses,Gap,Spring,M,Purple, $111.00 ,0%, $111.00 ,21 August 2024,45,1.1,FALSE,No Action
FB001721,Bottoms,Banana Republic,Winter,XXL,Red, $70.00 ,0%, $70.00 ,06 August 2025,39,3.4,TRUE,Color Mismatch
FB001722,Accessories,Mango,Winter,XXL,Pink, $76.00 ,58%, $31.00 ,06 August 2025,40,1.6,FALSE,No Action
FB001723,Bottoms,Banana Republic,Fall,XS,Pink, $71.00 ,42%, $41.00 ,06 August 2025,20,3.1,FALSE,No Action
FB001724,Bottoms,Mango,Fall,XS,Gray, $53.00 ,56%, $23.00 ,06 August 2025,10,2.5,FALSE,No Action
FB001725,Shoes,Ann Taylor,Fall,XS,Brown, $110.00 ,60%, $44.00 ,06 August 2025,13,3.5,TRUE,Color Mismatch
FB001726,Shoes,Uniqlo,Summer,XXL,Green, $80.00 ,17%, $66.00 ,06 August 2025,6,3.0,TRUE,Damaged
FB001727,Dresses,Mango,Spring,XL,Green, $101.00 ,25%, $76.00 ,02 September 2024,7,4.5,TRUE,Damaged
FB001728,Accessories,Zara,Spring,XL,Navy, $75.00 ,0%, $75.00 ,27 May 2025,16,1.4,FALSE,No Action
FB001729,Shoes,Banana Republic,Summer,S,Brown, $159.00 ,6%, $149.00 ,06 August 2025,39,3.0,FALSE,No Action
FB001730,Dresses,Gap,Summer,L,Black, $61.00 ,0%, $61.00 ,06 August 2025,29,4.4,FALSE,No Action
FB001731,Tops,Banana Republic,Fall,XL,Purple, $63.00 ,12%, $55.00 ,06 August 2025,23,4.9,FALSE,No Action
FB001732,Tops,Mango,Summer,S,Red, $43.00 ,47%, $23.00 ,06 August 2025,29,1.3,FALSE,No Action
FB001733,Shoes,Banana Republic,Winter,S,Navy, $64.00 ,27%, $47.00 ,06 August 2025,28,4.7,FALSE,No Action
FB001734,Shoes,Uniqlo,Spring,XXL,Purple, $118.00 ,56%, $52.00 ,26 April 2025,27,3.5,FALSE,No Action
FB001735,Dresses,Banana Republic,Spring,XS,White, $169.00 ,0%, $169.00 ,17 December 2024,19,2.2,FALSE,No Action
FB001736,Shoes,Ann Taylor,Spring,XS,Gray, $115.00 ,0%, $115.00 ,24 November 2024,43,3.0,FALSE,No Action
FB001737,Shoes,Mango,Fall,XS,Beige, $139.00 ,0%, $139.00 ,06 August 2025,9,3.7,FALSE,No Action
FB001738,Bottoms,Banana Republic,Summer,XXL,Purple, $101.00 ,0%, $101.00 ,06 August 2025,14,4.7,FALSE,No Action
FB001739,Tops,Forever21,Summer,XXL,Pink, $105.00 ,0%, $105.00 ,06 August 2025,29,2.1,FALSE,No Action
FB001740,Tops,Gap,Spring,XL,Gray, $105.00 ,0%, $105.00 ,15 April 2025,24,1.2,FALSE,No Action
FB001741,Tops,H&M,Summer,S,Brown, $44.00 ,0%, $44.00 ,06 August 2025,49,3.0,FALSE,No Action
FB001742,Shoes,Uniqlo,Spring,XS,Gray, $164.00 ,14%, $141.00 ,14 March 2025,7,2.3,FALSE,No Action
FB001743,Shoes,Mango,Fall,XXL,Black, $163.00 ,6%, $154.00 ,06 August 2025,39,2.6,FALSE,No Action
FB001744,Bottoms,Zara,Fall,XS,Green, $36.00 ,5%, $34.00 ,06 August 2025,13,2.5,FALSE,No Action
FB001745,Dresses,Banana Republic,Spring,M,Red, $99.00 ,0%, $99.00 ,16 October 2024,38,1.4,FALSE,No Action
FB001746,Outerwear,Ann Taylor,Summer,XL,Red, $194.00 ,0%, $194.00 ,06 August 2025,31,3.0,FALSE,No Action
FB001747,Outerwear,Uniqlo,Fall,XS,Blue, $208.00 ,0%, $208.00 ,06 August 2025,12,2.3,FALSE,No Action
FB001748,Bottoms,Ann Taylor,Spring,XS,Red, $68.00 ,50%, $34.00 ,26 January 2025,24,1.9,FALSE,No Action
FB001749,Accessories,Banana Republic,Winter,XS,Purple, $30.00 ,50%, $15.00 ,06 August 2025,23,1.4,FALSE,No Action
FB001750,Outerwear,Mango,Summer,XS,Green, $186.00 ,31%, $128.00 ,06 August 2025,7,1.0,FALSE,No Action
FB001751,Tops,Zara,Winter,S,Black, $78.00 ,48%, $40.00 ,06 August 2025,36,2.9,TRUE,Changed Mind
FB001752,Tops,Uniqlo,Spring,M,Purple, $104.00 ,0%, $104.00 ,26 October 2024,11,3.0,FALSE,No Action
FB001753,Shoes,Uniqlo,Summer,M,Brown, $121.00 ,0%, $121.00 ,06 August 2025,30,4.2,FALSE,No Action
FB001754,Dresses,Mango,Fall,XXL,Green, $78.00 ,0%, $78.00 ,06 August 2025,6,2.0,FALSE,No Action
FB001755,Tops,Uniqlo,Fall,XXL,Red, $109.00 ,0%, $109.00 ,06 August 2025,47,4.5,FALSE,No Action
FB001756,Shoes,Ann Taylor,Winter,L,Black, $126.00 ,0%, $126.00 ,06 August 2025,2,2.9,FALSE,No Action
FB001757,Shoes,H&M,Spring,XL,Black, $95.00 ,0%, $95.00 ,15 February 2025,45,5.0,FALSE,No Action
FB001758,Outerwear,Mango,Summer,S,Blue, $213.00 ,0%, $213.00 ,06 August 2025,38,3.0,FALSE,No Action
FB001759,Shoes,Forever21,Spring,XXL,Beige, $146.00 ,40%, $87.00 ,27 January 2025,17,2.6,TRUE,Quality Issue
FB001760,Bottoms,Mango,Winter,L,Pink, $115.00 ,16%, $96.00 ,06 August 2025,32,3.1,TRUE,Size Issue
FB001761,Accessories,Banana Republic,Spring,L,Blue, $66.00 ,0%, $66.00 ,27 October 2024,37,3.0,FALSE,No Action
FB001762,Dresses,Banana Republic,Spring,XS,Purple, $60.00 ,23%, $46.00 ,14 March 2025,30,4.8,FALSE,No Action
FB001763,Shoes,H&M,Winter,M,Blue, $83.00 ,57%, $35.00 ,06 August 2025,10,3.3,FALSE,No Action
FB001764,Outerwear,Uniqlo,Summer,S,Navy, $204.00 ,4%, $197.00 ,06 August 2025,26,3.0,FALSE,No Action
FB001765,Accessories,Mango,Fall,S,Purple, $52.00 ,0%, $52.00 ,06 August 2025,42,3.0,FALSE,No Action
FB001766,Bottoms,Forever21,Fall,XXL,Beige, $61.00 ,0%, $61.00 ,06 August 2025,30,4.6,FALSE,No Action
FB001767,Outerwear,Zara,Summer,S,Gray, $227.00 ,0%, $227.00 ,06 August 2025,34,3.0,FALSE,No Action
FB001768,Dresses,H&M,Fall,L,Blue, $111.00 ,0%, $111.00 ,06 August 2025,14,3.0,FALSE,No Action
FB001769,Bottoms,Forever21,Fall,XS,Pink, $29.00 ,30%, $20.00 ,06 August 2025,25,4.8,FALSE,No Action
FB001770,Dresses,H&M,Fall,M,Pink, $179.00 ,0%, $179.00 ,06 August 2025,9,3.9,FALSE,No Action
FB001771,Accessories,H&M,Summer,M,Pink, $52.00 ,39%, $31.00 ,06 August 2025,0,1.4,FALSE,No Action
FB001772,Accessories,Uniqlo,Spring,M,Green, $67.00 ,0%, $67.00 ,31 December 2024,1,1.3,FALSE,No Action
FB001773,Accessories,Uniqlo,Fall,M,Navy, $46.00 ,41%, $27.00 ,06 August 2025,25,2.6,FALSE,No Action
FB001774,Tops,Uniqlo,Winter,XL,Navy, $91.00 ,0%, $91.00 ,06 August 2025,6,2.7,FALSE,No Action
FB001775,Outerwear,Uniqlo,Spring,XS,Pink, $230.00 ,4%, $220.00 ,15 October 2024,34,3.5,FALSE,No Action
FB001776,Outerwear,Ann Taylor,Fall,M,Blue, $118.00 ,0%, $118.00 ,06 August 2025,45,3.0,FALSE,No Action
FB001777,Shoes,Gap,Winter,M,Red, $81.00 ,33%, $54.00 ,06 August 2025,2,3.3,FALSE,No Action
FB001778,Accessories,H&M,Fall,M,Purple, $57.00 ,18%, $46.00 ,06 August 2025,7,2.5,FALSE,No Action
FB001779,Dresses,Forever21,Summer,XL,Brown, $74.00 ,0%, $74.00 ,06 August 2025,9,3.0,FALSE,No Action
FB001780,Dresses,Banana Republic,Summer,M,Red, $69.00 ,0%, $69.00 ,06 August 2025,40,3.2,TRUE,Size Issue
FB001781,Dresses,Ann Taylor,Summer,XL,Brown, $102.00 ,56%, $45.00 ,06 August 2025,31,4.6,FALSE,No Action
FB001782,Shoes,Gap,Summer,L,Beige, $117.00 ,0%, $117.00 ,06 August 2025,7,4.9,FALSE,No Action
FB001783,Accessories,Gap,Spring,L,Purple, $61.00 ,0%, $61.00 ,25 April 2025,30,3.4,FALSE,No Action
FB001784,Outerwear,Forever21,Winter,XL,Pink, $222.00 ,0%, $222.00 ,06 August 2025,27,2.1,FALSE,No Action
FB001785,Outerwear,H&M,Summer,L,Brown, $123.00 ,0%, $123.00 ,06 August 2025,28,1.2,FALSE,No Action
FB001786,Accessories,Zara,Fall,L,Black, $24.00 ,0%, $24.00 ,06 August 2025,43,1.1,FALSE,No Action
FB001787,Outerwear,Banana Republic,Fall,XXL,Navy, $168.00 ,0%, $168.00 ,06 August 2025,1,1.0,FALSE,No Action
FB001788,Tops,Gap,Fall,S,Green, $39.00 ,40%, $23.00 ,06 August 2025,4,2.8,FALSE,No Action
FB001789,Bottoms,H&M,Fall,S,Brown, $74.00 ,0%, $74.00 ,06 August 2025,50,4.4,TRUE,Color Mismatch
FB001790,Accessories,Gap,Winter,S,Navy, $37.00 ,0%, $37.00 ,06 August 2025,5,4.9,FALSE,No Action
FB001791,Accessories,Mango,Winter,S,Black, $67.00 ,0%, $67.00 ,06 August 2025,15,1.6,FALSE,No Action
FB001792,Bottoms,H&M,Summer,XS,White, $77.00 ,1%, $76.00 ,06 August 2025,18,3.3,FALSE,No Action
FB001793,Outerwear,H&M,Summer,XS,Gray, $215.00 ,0%, $215.00 ,06 August 2025,50,1.6,FALSE,No Action
FB001794,Outerwear,Banana Republic,Winter,XS,Gray, $141.00 ,0%, $141.00 ,06 August 2025,34,2.4,FALSE,No Action
FB001795,Dresses,Ann Taylor,Spring,XXL,White, $151.00 ,0%, $151.00 ,17 June 2025,24,4.3,TRUE,Wrong Item
FB001796,Outerwear,Gap,Winter,XL,Gray, $140.00 ,0%, $140.00 ,06 August 2025,23,2.7,FALSE,No Action
FB001797,Dresses,Mango,Summer,XXL,Pink, $94.00 ,29%, $67.00 ,06 August 2025,44,3.6,FALSE,No Action
FB001798,Accessories,Ann Taylor,Winter,XXL,Green, $55.00 ,27%, $40.00 ,06 August 2025,39,4.9,FALSE,No Action
FB001799,Accessories,Gap,Winter,XXL,Black, $58.00 ,0%, $58.00 ,06 August 2025,50,2.7,FALSE,No Action
FB001800,Bottoms,Forever21,Summer,XXL,Purple, $61.00 ,0%, $61.00 ,06 August 2025,13,3.9,FALSE,No Action
FB001801,Bottoms,Zara,Fall,L,Brown, $104.00 ,0%, $104.00 ,06 August 2025,35,3.1,FALSE,No Action
FB001802,Outerwear,H&M,Winter,L,Gray, $102.00 ,0%, $102.00 ,06 August 2025,18,1.9,FALSE,No Action
FB001803,Dresses,Gap,Winter,XXL,Beige, $131.00 ,33%, $88.00 ,06 August 2025,9,3.0,FALSE,No Action
FB001804,Outerwear,Banana Republic,Spring,XS,Navy, $139.00 ,54%, $63.00 ,27 March 2025,38,3.0,TRUE,Changed Mind
FB001805,Accessories,Forever21,Winter,XS,Navy, $17.00 ,0%, $17.00 ,06 August 2025,14,3.0,FALSE,No Action
FB001806,Shoes,Zara,Fall,L,Red, $115.00 ,0%, $115.00 ,06 August 2025,10,2.5,FALSE,No Action
FB001807,Accessories,Zara,Summer,L,Black, $73.00 ,0%, $73.00 ,06 August 2025,23,4.5,FALSE,No Action
FB001808,Accessories,Ann Taylor,Winter,L,Navy, $66.00 ,0%, $66.00 ,06 August 2025,28,5.0,TRUE,Size Issue
FB001809,Tops,H&M,Fall,L,White, $63.00 ,0%, $63.00 ,06 August 2025,10,4.4,FALSE,No Action
FB001810,Accessories,H&M,Fall,L,Green, $26.00 ,0%, $26.00 ,06 August 2025,27,3.0,FALSE,No Action
FB001811,Accessories,H&M,Spring,L,White, $62.00 ,9%, $57.00 ,06 November 2024,1,1.7,FALSE,No Action
FB001812,Shoes,Banana Republic,Summer,S,Green, $143.00 ,0%, $143.00 ,06 August 2025,1,3.1,FALSE,No Action
FB001813,Outerwear,Zara,Spring,XL,Blue, $226.00 ,1%, $223.00 ,20 February 2025,24,4.5,FALSE,No Action
FB001814,Shoes,Gap,Spring,XXL,Black, $164.00 ,0%, $164.00 ,02 May 2025,8,3.7,FALSE,No Action
FB001815,Bottoms,Zara,Summer,L,Navy, $56.00 ,0%, $56.00 ,06 August 2025,16,4.3,FALSE,No Action
FB001816,Accessories,H&M,Winter,L,Red, $39.00 ,0%, $39.00 ,06 August 2025,49,3.0,FALSE,No Action
FB001817,Bottoms,Ann Taylor,Summer,L,Navy, $26.00 ,58%, $11.00 ,06 August 2025,8,1.7,FALSE,No Action
FB001818,Shoes,H&M,Spring,XXL,Brown, $118.00 ,55%, $53.00 ,25 April 2025,2,4.9,FALSE,No Action
FB001819,Dresses,Mango,Summer,XL,Purple, $58.00 ,0%, $58.00 ,06 August 2025,42,1.6,FALSE,No Action
FB001820,Shoes,H&M,Summer,S,Navy, $138.00 ,15%, $118.00 ,06 August 2025,17,3.0,FALSE,No Action
FB001821,Bottoms,Banana Republic,Summer,XS,Gray, $73.00 ,0%, $73.00 ,06 August 2025,3,3.1,TRUE,Changed Mind
FB001822,Outerwear,Forever21,Winter,S,Green, $167.00 ,0%, $167.00 ,06 August 2025,4,4.9,FALSE,No Action
FB001823,Tops,H&M,Winter,XXL,Black, $79.00 ,0%, $79.00 ,06 August 2025,31,3.7,FALSE,No Action
FB001824,Dresses,Forever21,Summer,XL,White, $69.00 ,49%, $34.00 ,06 August 2025,45,2.3,FALSE,No Action
FB001825,Bottoms,Mango,Summer,S,Purple, $56.00 ,7%, $52.00 ,06 August 2025,35,2.6,TRUE,Changed Mind
FB001826,Tops,Gap,Winter,XS,Gray, $51.00 ,48%, $26.00 ,06 August 2025,9,1.1,TRUE,Changed Mind
FB001827,Outerwear,Gap,Spring,XS,Green, $111.00 ,17%, $92.00 ,29 May 2025,41,1.2,FALSE,No Action
FB001828,Bottoms,Ann Taylor,Fall,XXL,Gray, $49.00 ,20%, $39.00 ,06 August 2025,46,1.0,TRUE,Changed Mind
FB001829,Shoes,Forever21,Winter,M,Pink, $182.00 ,27%, $133.00 ,06 August 2025,40,3.0,FALSE,No Action
FB001830,Outerwear,Forever21,Summer,XS,Purple, $241.00 ,6%, $226.00 ,06 August 2025,13,1.2,FALSE,No Action
FB001831,Dresses,Ann Taylor,Spring,XXL,Blue, $78.00 ,0%, $78.00 ,14 March 2025,19,3.0,FALSE,No Action
FB001832,Shoes,Banana Republic,Winter,M,Purple, $73.00 ,0%, $73.00 ,06 August 2025,0,3.0,FALSE,No Action
FB001833,Bottoms,H&M,Summer,XXL,Green, $97.00 ,0%, $97.00 ,06 August 2025,43,1.6,FALSE,No Action
FB001834,Tops,Ann Taylor,Summer,XS,Green, $38.00 ,0%, $38.00 ,06 August 2025,1,5.0,FALSE,No Action
FB001835,Shoes,Banana Republic,Summer,S,Blue, $95.00 ,0%, $95.00 ,06 August 2025,47,3.9,FALSE,No Action
FB001836,Outerwear,Zara,Fall,M,Red, $158.00 ,50%, $79.00 ,06 August 2025,7,3.0,TRUE,Changed Mind
FB001837,Tops,Mango,Fall,XL,Navy, $26.00 ,0%, $26.00 ,06 August 2025,41,4.3,FALSE,No Action
FB001838,Shoes,Forever21,Spring,XL,White, $107.00 ,43%, $60.00 ,14 February 2025,16,4.7,TRUE,Changed Mind
FB001839,Accessories,Gap,Summer,XL,Black, $71.00 ,38%, $44.00 ,06 August 2025,49,2.8,FALSE,No Action
FB001840,Shoes,Zara,Summer,XL,Red, $124.00 ,0%, $124.00 ,06 August 2025,18,3.0,FALSE,No Action
FB001841,Bottoms,Uniqlo,Summer,L,Purple, $30.00 ,0%, $30.00 ,06 August 2025,45,1.8,FALSE,No Action
FB001842,Tops,Zara,Winter,XS,Beige, $53.00 ,0%, $53.00 ,06 August 2025,15,1.1,FALSE,No Action
FB001843,Shoes,Gap,Summer,XL,Green, $159.00 ,0%, $159.00 ,06 August 2025,40,3.0,TRUE,Changed Mind
FB001844,Dresses,Mango,Fall,S,Pink, $169.00 ,0%, $169.00 ,06 August 2025,5,1.6,FALSE,No Action
FB001845,Accessories,Gap,Summer,S,Blue, $59.00 ,0%, $59.00 ,06 August 2025,7,4.0,FALSE,No Action
FB001846,Dresses,Gap,Fall,XL,Purple, $92.00 ,0%, $92.00 ,06 August 2025,29,3.5,TRUE,Size Issue
FB001847,Bottoms,H&M,Spring,S,White, $64.00 ,0%, $64.00 ,18 March 2025,10,3.0,FALSE,No Action
FB001848,Dresses,Forever21,Fall,XS,Blue, $127.00 ,55%, $58.00 ,06 August 2025,14,4.4,FALSE,No Action
FB001849,Bottoms,Banana Republic,Fall,M,Blue, $32.00 ,13%, $28.00 ,06 August 2025,9,3.0,FALSE,No Action
FB001850,Bottoms,H&M,Summer,XXL,Pink, $40.00 ,43%, $22.00 ,06 August 2025,30,3.5,TRUE,Color Mismatch
FB001851,Accessories,Ann Taylor,Winter,XXL,Green, $51.00 ,6%, $48.00 ,06 August 2025,31,3.0,FALSE,No Action
FB001852,Bottoms,Gap,Winter,XS,Pink, $28.00 ,0%, $28.00 ,06 August 2025,41,4.0,FALSE,No Action
FB001853,Accessories,Gap,Fall,XS,Green, $59.00 ,6%, $55.00 ,06 August 2025,45,3.0,FALSE,No Action
FB001854,Tops,Ann Taylor,Summer,S,Brown, $99.00 ,7%, $92.00 ,06 August 2025,31,3.8,FALSE,No Action
FB001855,Dresses,Forever21,Winter,S,Blue, $128.00 ,0%, $128.00 ,06 August 2025,1,3.7,FALSE,No Action
FB001856,Bottoms,Mango,Spring,L,Purple, $78.00 ,56%, $34.00 ,23 April 2025,20,1.3,FALSE,No Action
FB001857,Bottoms,Mango,Summer,XXL,Navy, $108.00 ,0%, $108.00 ,06 August 2025,50,2.9,FALSE,No Action
FB001858,Bottoms,Ann Taylor,Spring,XXL,Gray, $35.00 ,15%, $30.00 ,23 December 2024,15,3.1,TRUE,Quality Issue
FB001859,Dresses,Gap,Summer,XXL,Brown, $129.00 ,34%, $85.00 ,06 August 2025,24,1.7,FALSE,No Action
FB001860,Dresses,Ann Taylor,Summer,S,Gray, $142.00 ,0%, $142.00 ,06 August 2025,15,4.1,TRUE,Size Issue
FB001861,Accessories,Forever21,Spring,S,Navy, $45.00 ,0%, $45.00 ,28 February 2025,38,1.6,TRUE,Wrong Item
FB001862,Bottoms,H&M,Fall,S,Purple, $47.00 ,0%, $47.00 ,06 August 2025,0,4.8,TRUE,Size Issue
FB001863,Bottoms,Uniqlo,Summer,XS,Beige, $115.00 ,40%, $69.00 ,06 August 2025,48,3.1,FALSE,No Action
FB001864,Bottoms,Banana Republic,Summer,XL,Brown, $87.00 ,0%, $87.00 ,06 August 2025,29,1.3,FALSE,No Action
FB001865,Dresses,Forever21,Fall,S,Blue, $73.00 ,35%, $47.00 ,06 August 2025,44,3.0,FALSE,No Action
FB001866,Shoes,Gap,Fall,L,Navy, $181.00 ,22%, $142.00 ,06 August 2025,14,4.7,FALSE,No Action
FB001867,Tops,H&M,Spring,L,Black, $71.00 ,0%, $71.00 ,05 August 2025,0,1.5,FALSE,No Action
FB001868,Tops,Banana Republic,Winter,XXL,Beige, $25.00 ,0%, $25.00 ,06 August 2025,27,1.2,FALSE,No Action
FB001869,Tops,Forever21,Winter,XXL,Brown, $31.00 ,48%, $16.00 ,06 August 2025,36,1.6,TRUE,Size Issue
FB001870,Dresses,H&M,Fall,L,Beige, $98.00 ,34%, $65.00 ,06 August 2025,33,3.0,TRUE,Color Mismatch
FB001871,Accessories,Zara,Winter,L,Red, $43.00 ,8%, $39.00 ,06 August 2025,4,1.3,FALSE,No Action
FB001872,Shoes,Gap,Summer,M,Black, $70.00 ,0%, $70.00 ,06 August 2025,8,2.3,FALSE,No Action
FB001873,Outerwear,H&M,Winter,S,Purple, $215.00 ,38%, $133.00 ,06 August 2025,14,3.9,FALSE,No Action
FB001874,Dresses,Banana Republic,Winter,XL,Green, $145.00 ,5%, $138.00 ,06 August 2025,8,4.4,FALSE,No Action
FB001875,Shoes,Banana Republic,Fall,XS,Navy, $195.00 ,0%, $195.00 ,06 August 2025,44,4.4,FALSE,No Action
FB001876,Bottoms,Ann Taylor,Winter,XS,Black, $74.00 ,10%, $67.00 ,06 August 2025,23,2.6,FALSE,No Action
FB001877,Tops,Gap,Spring,L,Pink, $50.00 ,0%, $50.00 ,18 August 2024,23,1.3,FALSE,No Action
FB001878,Outerwear,Ann Taylor,Summer,XXL,Red, $130.00 ,0%, $130.00 ,06 August 2025,20,2.6,FALSE,No Action
FB001879,Dresses,Forever21,Spring,XXL,Green, $94.00 ,40%, $56.00 ,14 June 2025,41,4.7,FALSE,No Action
FB001880,Outerwear,Uniqlo,Spring,S,Brown, $138.00 ,10%, $124.00 ,22 July 2025,36,1.4,FALSE,No Action
FB001881,Accessories,H&M,Winter,S,Green, $52.00 ,0%, $52.00 ,06 August 2025,50,2.5,TRUE,Damaged
FB001882,Outerwear,H&M,Spring,S,White, $151.00 ,0%, $151.00 ,11 July 2025,41,3.5,FALSE,No Action
FB001883,Accessories,Uniqlo,Spring,S,Blue, $26.00 ,0%, $26.00 ,27 May 2025,48,3.1,FALSE,No Action
FB001884,Outerwear,Ann Taylor,Summer,S,Brown, $147.00 ,0%, $147.00 ,06 August 2025,4,2.4,FALSE,No Action
FB001885,Tops,Mango,Fall,S,Navy, $66.00 ,3%, $64.00 ,06 August 2025,42,4.4,FALSE,No Action
FB001886,Outerwear,Zara,Fall,XS,Red, $183.00 ,0%, $183.00 ,06 August 2025,10,3.0,FALSE,No Action
FB001887,Shoes,Uniqlo,Summer,L,Blue, $195.00 ,0%, $195.00 ,06 August 2025,14,2.1,FALSE,No Action
FB001888,Bottoms,Ann Taylor,Winter,S,Beige, $75.00 ,58%, $31.00 ,06 August 2025,33,4.0,FALSE,No Action
FB001889,Tops,Mango,Spring,XL,Beige, $30.00 ,0%, $30.00 ,13 June 2025,28,3.9,FALSE,No Action
FB001890,Shoes,Banana Republic,Winter,L,White, $150.00 ,0%, $150.00 ,06 August 2025,18,4.6,FALSE,No Action
FB001891,Bottoms,Forever21,Summer,L,Black, $58.00 ,18%, $48.00 ,06 August 2025,23,2.8,FALSE,No Action
FB001892,Outerwear,Forever21,Spring,L,Purple, $224.00 ,19%, $182.00 ,19 September 2024,50,3.0,FALSE,No Action
FB001893,Outerwear,Banana Republic,Spring,XL,Brown, $155.00 ,0%, $155.00 ,25 March 2025,0,2.4,FALSE,No Action
FB001894,Shoes,H&M,Winter,XL,Blue, $194.00 ,16%, $162.00 ,06 August 2025,36,1.5,FALSE,No Action
FB001895,Shoes,Banana Republic,Fall,L,Red, $169.00 ,0%, $169.00 ,06 August 2025,39,4.4,FALSE,No Action
FB001896,Accessories,Uniqlo,Winter,L,Blue, $41.00 ,27%, $30.00 ,06 August 2025,48,3.4,FALSE,No Action
FB001897,Bottoms,Uniqlo,Winter,S,Green, $29.00 ,0%, $29.00 ,06 August 2025,36,2.6,FALSE,No Action
FB001898,Outerwear,Banana Republic,Spring,S,Gray, $224.00 ,3%, $218.00 ,27 January 2025,15,3.5,FALSE,No Action
FB001899,Bottoms,Forever21,Summer,S,Gray, $101.00 ,8%, $93.00 ,06 August 2025,4,1.1,FALSE,No Action
FB001900,Shoes,Banana Republic,Spring,XXL,Red, $84.00 ,0%, $84.00 ,26 July 2025,49,3.6,FALSE,No Action
FB001901,Outerwear,Ann Taylor,Summer,S,Beige, $155.00 ,0%, $155.00 ,06 August 2025,38,3.0,FALSE,No Action
FB001902,Tops,Zara,Winter,XL,Blue, $89.00 ,0%, $89.00 ,06 August 2025,0,4.6,TRUE,Color Mismatch
FB001903,Tops,Gap,Summer,L,Green, $62.00 ,38%, $39.00 ,06 August 2025,5,2.6,FALSE,No Action
FB001904,Bottoms,Gap,Summer,XL,Beige, $84.00 ,24%, $64.00 ,06 August 2025,44,3.0,TRUE,Color Mismatch
FB001905,Tops,Mango,Fall,XL,Pink, $50.00 ,0%, $50.00 ,06 August 2025,1,1.8,FALSE,No Action
FB001906,Accessories,Zara,Winter,XL,Pink, $31.00 ,0%, $31.00 ,06 August 2025,25,2.8,FALSE,No Action
FB001907,Tops,Zara,Spring,XXL,Red, $105.00 ,0%, $105.00 ,28 August 2024,39,4.4,FALSE,No Action
FB001908,Dresses,Forever21,Summer,XS,Brown, $160.00 ,0%, $160.00 ,06 August 2025,27,2.7,TRUE,Wrong Item
FB001909,Bottoms,Uniqlo,Spring,XS,Pink, $96.00 ,26%, $71.00 ,21 September 2024,16,3.0,FALSE,No Action
FB001910,Accessories,Forever21,Summer,XS,Beige, $16.00 ,0%, $16.00 ,06 August 2025,8,4.8,FALSE,No Action
FB001911,Outerwear,Ann Taylor,Fall,S,Beige, $160.00 ,54%, $74.00 ,06 August 2025,2,3.2,TRUE,Quality Issue
FB001912,Accessories,Mango,Fall,S,Gray, $23.00 ,0%, $23.00 ,06 August 2025,16,4.4,FALSE,No Action
FB001913,Shoes,Zara,Fall,XS,Black, $68.00 ,24%, $51.00 ,06 August 2025,8,3.7,FALSE,No Action
FB001914,Outerwear,Mango,Fall,S,Green, $184.00 ,0%, $184.00 ,06 August 2025,49,4.0,FALSE,No Action
FB001915,Shoes,Banana Republic,Spring,XS,Green, $94.00 ,0%, $94.00 ,08 September 2024,23,2.9,FALSE,No Action
FB001916,Tops,Ann Taylor,Summer,M,Pink, $115.00 ,0%, $115.00 ,06 August 2025,37,2.2,FALSE,No Action
FB001917,Outerwear,Zara,Winter,XXL,Green, $116.00 ,59%, $48.00 ,06 August 2025,34,3.3,FALSE,No Action
FB001918,Accessories,Banana Republic,Summer,XXL,Green, $24.00 ,0%, $24.00 ,06 August 2025,43,2.3,FALSE,No Action
FB001919,Dresses,Zara,Spring,XXL,Navy, $81.00 ,0%, $81.00 ,09 January 2025,28,3.0,FALSE,No Action
FB001920,Outerwear,Banana Republic,Spring,M,White, $234.00 ,0%, $234.00 ,07 February 2025,30,4.3,FALSE,No Action
FB001921,Accessories,Zara,Fall,M,White, $27.00 ,0%, $27.00 ,06 August 2025,33,2.8,FALSE,No Action
FB001922,Tops,Ann Taylor,Fall,XS,Gray, $114.00 ,24%, $86.00 ,06 August 2025,10,3.4,FALSE,No Action
FB001923,Shoes,Zara,Spring,S,Green, $133.00 ,0%, $133.00 ,04 October 2024,32,3.0,FALSE,No Action
FB001924,Tops,Banana Republic,Winter,XS,Blue, $64.00 ,59%, $26.00 ,06 August 2025,34,1.2,FALSE,No Action
FB001925,Bottoms,Forever21,Fall,L,Purple, $117.00 ,0%, $117.00 ,06 August 2025,22,4.9,FALSE,No Action
FB001926,Accessories,Ann Taylor,Spring,L,Blue, $29.00 ,0%, $29.00 ,15 March 2025,20,1.9,FALSE,No Action
FB001927,Tops,Uniqlo,Fall,M,Purple, $34.00 ,0%, $34.00 ,06 August 2025,7,3.0,FALSE,No Action
FB001928,Dresses,Gap,Fall,XL,Gray, $107.00 ,0%, $107.00 ,06 August 2025,49,3.3,FALSE,No Action
FB001929,Bottoms,Uniqlo,Winter,XXL,Blue, $38.00 ,0%, $38.00 ,06 August 2025,11,4.0,FALSE,No Action
FB001930,Outerwear,Ann Taylor,Spring,XS,Brown, $152.00 ,0%, $152.00 ,05 April 2025,19,4.1,FALSE,No Action
FB001931,Outerwear,Mango,Fall,XS,Purple, $181.00 ,56%, $79.00 ,06 August 2025,43,1.2,FALSE,No Action
FB001932,Tops,Uniqlo,Spring,XL,Green, $114.00 ,17%, $94.00 ,17 May 2025,4,1.8,FALSE,No Action
FB001933,Shoes,Uniqlo,Winter,XXL,Green, $102.00 ,0%, $102.00 ,06 August 2025,38,3.8,FALSE,No Action
FB001934,Tops,Forever21,Winter,XXL,Green, $86.00 ,0%, $86.00 ,06 August 2025,0,4.8,FALSE,No Action
FB001935,Outerwear,H&M,Summer,L,Red, $83.00 ,28%, $60.00 ,06 August 2025,46,3.0,TRUE,Quality Issue
FB001936,Outerwear,Banana Republic,Fall,S,Pink, $167.00 ,51%, $82.00 ,06 August 2025,9,3.2,FALSE,No Action
FB001937,Bottoms,H&M,Fall,XS,Gray, $114.00 ,5%, $108.00 ,06 August 2025,21,2.0,FALSE,No Action
FB001938,Outerwear,H&M,Spring,XXL,White, $109.00 ,29%, $77.00 ,02 November 2024,35,1.3,FALSE,No Action
FB001939,Accessories,Ann Taylor,Summer,XXL,Beige, $51.00 ,58%, $21.00 ,06 August 2025,36,3.0,FALSE,No Action
FB001940,Shoes,H&M,Fall,M,Green, $77.00 ,53%, $36.00 ,06 August 2025,6,2.7,FALSE,No Action
FB001941,Shoes,Ann Taylor,Fall,XS,White, $142.00 ,45%, $78.00 ,06 August 2025,20,1.7,FALSE,No Action
FB001942,Outerwear,Banana Republic,Winter,XS,White, $138.00 ,0%, $138.00 ,06 August 2025,37,3.2,FALSE,No Action
FB001943,Shoes,Ann Taylor,Spring,S,Red, $132.00 ,0%, $132.00 ,17 March 2025,40,3.0,TRUE,Changed Mind
FB001944,Shoes,H&M,Summer,L,Navy, $110.00 ,0%, $110.00 ,06 August 2025,24,3.0,TRUE,Size Issue
FB001945,Bottoms,Zara,Summer,XL,Beige, $29.00 ,0%, $29.00 ,06 August 2025,41,2.8,FALSE,No Action
FB001946,Outerwear,Gap,Summer,S,Navy, $141.00 ,0%, $141.00 ,06 August 2025,37,1.7,FALSE,No Action
FB001947,Shoes,Banana Republic,Summer,XL,Red, $67.00 ,0%, $67.00 ,06 August 2025,24,1.2,FALSE,No Action
FB001948,Shoes,Mango,Winter,S,Brown, $143.00 ,0%, $143.00 ,06 August 2025,0,3.0,FALSE,No Action
FB001949,Accessories,Banana Republic,Winter,S,Brown, $20.00 ,0%, $20.00 ,06 August 2025,44,4.6,FALSE,No Action
FB001950,Dresses,Zara,Summer,XL,Purple, $105.00 ,60%, $42.00 ,06 August 2025,34,3.0,FALSE,No Action
FB001951,Shoes,Banana Republic,Spring,XXL,Green, $184.00 ,0%, $184.00 ,19 September 2024,39,2.1,TRUE,Size Issue
FB001952,Shoes,H&M,Spring,XS,Blue, $81.00 ,32%, $55.00 ,01 September 2024,2,1.1,FALSE,No Action
FB001953,Outerwear,Banana Republic,Winter,L,Blue, $107.00 ,20%, $85.00 ,06 August 2025,16,4.3,FALSE,No Action
FB001954,Tops,Banana Republic,Summer,XL,Purple, $88.00 ,0%, $88.00 ,06 August 2025,33,3.0,FALSE,No Action
FB001955,Accessories,Zara,Winter,XL,Red, $17.00 ,14%, $14.00 ,06 August 2025,16,3.1,FALSE,No Action
FB001956,Outerwear,H&M,Winter,XL,Gray, $205.00 ,0%, $205.00 ,06 August 2025,25,2.0,TRUE,Damaged
FB001957,Dresses,Mango,Winter,XS,Beige, $111.00 ,0%, $111.00 ,06 August 2025,26,1.4,FALSE,No Action
FB001958,Shoes,Mango,Summer,S,Pink, $184.00 ,56%, $80.00 ,06 August 2025,10,3.7,FALSE,No Action
FB001959,Bottoms,Zara,Spring,L,Green, $84.00 ,0%, $84.00 ,17 January 2025,33,4.5,FALSE,No Action
FB001960,Bottoms,Forever21,Summer,XXL,White, $66.00 ,0%, $66.00 ,06 August 2025,26,4.6,FALSE,No Action
FB001961,Shoes,H&M,Summer,M,Green, $104.00 ,0%, $104.00 ,06 August 2025,4,4.7,FALSE,No Action
FB001962,Outerwear,Uniqlo,Summer,M,Green, $216.00 ,0%, $216.00 ,06 August 2025,5,2.7,TRUE,Wrong Item
FB001963,Dresses,Mango,Summer,XXL,Beige, $87.00 ,0%, $87.00 ,06 August 2025,24,4.2,FALSE,No Action
FB001964,Shoes,Zara,Summer,L,Green, $81.00 ,0%, $81.00 ,06 August 2025,5,2.5,FALSE,No Action
FB001965,Outerwear,Gap,Summer,L,Blue, $93.00 ,33%, $62.00 ,06 August 2025,45,4.5,FALSE,No Action
FB001966,Bottoms,Gap,Spring,XS,Gray, $96.00 ,0%, $96.00 ,09 November 2024,18,4.8,FALSE,No Action
FB001967,Accessories,Forever21,Winter,XS,Blue, $19.00 ,0%, $19.00 ,06 August 2025,19,3.0,FALSE,No Action
FB001968,Shoes,Zara,Spring,S,Red, $113.00 ,31%, $78.00 ,10 June 2025,22,3.1,FALSE,No Action
FB001969,Dresses,Zara,Spring,XL,Navy, $90.00 ,0%, $90.00 ,26 March 2025,41,2.8,FALSE,No Action
FB001970,Tops,Banana Republic,Summer,L,Gray, $38.00 ,0%, $38.00 ,06 August 2025,44,3.0,FALSE,No Action
FB001971,Shoes,Banana Republic,Summer,S,Blue, $175.00 ,0%, $175.00 ,06 August 2025,13,3.0,FALSE,No Action
FB001972,Dresses,Zara,Spring,L,Red, $171.00 ,0%, $171.00 ,08 June 2025,12,1.3,FALSE,No Action
FB001973,Accessories,Gap,Summer,L,Blue, $35.00 ,0%, $35.00 ,06 August 2025,24,3.1,FALSE,No Action
FB001974,Bottoms,H&M,Summer,M,Navy, $81.00 ,0%, $81.00 ,06 August 2025,33,3.0,TRUE,Wrong Item
FB001975,Bottoms,Banana Republic,Summer,M,Purple, $29.00 ,0%, $29.00 ,06 August 2025,16,2.7,FALSE,No Action
FB001976,Outerwear,Mango,Winter,S,Brown, $239.00 ,0%, $239.00 ,06 August 2025,27,2.9,FALSE,No Action
FB001977,Tops,H&M,Fall,M,Red, $90.00 ,0%, $90.00 ,06 August 2025,11,3.0,FALSE,No Action
FB001978,Dresses,Ann Taylor,Winter,XL,White, $81.00 ,10%, $73.00 ,06 August 2025,24,1.2,FALSE,No Action
FB001979,Outerwear,Forever21,Winter,L,Black, $142.00 ,0%, $142.00 ,06 August 2025,21,4.5,FALSE,No Action
FB001980,Dresses,Gap,Fall,S,Black, $53.00 ,0%, $53.00 ,06 August 2025,5,4.6,FALSE,No Action
FB001981,Bottoms,Forever21,Summer,L,Navy, $80.00 ,0%, $80.00 ,06 August 2025,15,4.6,FALSE,No Action
FB001982,Tops,Uniqlo,Fall,M,Navy, $89.00 ,0%, $89.00 ,06 August 2025,33,4.2,FALSE,No Action
FB001983,Bottoms,Mango,Summer,S,Blue, $37.00 ,38%, $23.00 ,06 August 2025,34,1.3,FALSE,No Action
FB001984,Accessories,Mango,Spring,S,Brown, $44.00 ,0%, $44.00 ,27 June 2025,34,2.1,FALSE,No Action
FB001985,Tops,Mango,Summer,L,Beige, $111.00 ,0%, $111.00 ,06 August 2025,2,3.0,TRUE,Size Issue
FB001986,Tops,H&M,Spring,L,Navy, $109.00 ,0%, $109.00 ,12 January 2025,23,2.0,TRUE,Quality Issue
FB001987,Accessories,Uniqlo,Fall,L,Navy, $33.00 ,0%, $33.00 ,06 August 2025,50,4.0,FALSE,No Action
FB001988,Shoes,Ann Taylor,Winter,M,Green, $150.00 ,9%, $137.00 ,06 August 2025,43,3.4,FALSE,No Action
FB001989,Bottoms,Zara,Fall,S,Green, $66.00 ,19%, $53.00 ,06 August 2025,42,1.9,FALSE,No Action
FB001990,Bottoms,Gap,Spring,M,Pink, $27.00 ,17%, $23.00 ,06 September 2024,43,2.1,FALSE,No Action
FB001991,Accessories,Uniqlo,Summer,M,Gray, $60.00 ,0%, $60.00 ,06 August 2025,36,1.4,FALSE,No Action
FB001992,Tops,Zara,Fall,XL,Red, $54.00 ,18%, $44.00 ,06 August 2025,29,2.6,FALSE,No Action
FB001993,Shoes,Uniqlo,Spring,S,Red, $78.00 ,0%, $78.00 ,20 September 2024,42,3.0,TRUE,Quality Issue
FB001994,Outerwear,H&M,Fall,XS,Black, $183.00 ,0%, $183.00 ,06 August 2025,4,4.6,FALSE,No Action
FB001995,Shoes,Uniqlo,Spring,M,Gray, $76.00 ,0%, $76.00 ,03 July 2025,35,2.6,FALSE,No Action
FB001996,Tops,Zara,Spring,XS,Purple, $84.00 ,0%, $84.00 ,15 January 2025,43,3.4,FALSE,No Action
FB001997,Accessories,Ann Taylor,Spring,XS,Gray, $77.00 ,0%, $77.00 ,10 January 2025,27,3.0,FALSE,No Action
FB001998,Dresses,Zara,Spring,S,Navy, $122.00 ,45%, $67.00 ,30 August 2024,9,3.1,FALSE,No Action
FB001999,Dresses,Mango,Winter,XXL,Blue, $103.00 ,0%, $103.00 ,06 August 2025,26,3.1,FALSE,No Action
FB002000,Bottoms,H&M,Fall,XXL,Red, $117.00 ,41%, $69.00 ,06 August 2025,8,3.0,FALSE,No Action
FB002001,Dresses,Forever21,Fall,XL,Green, $115.00 ,0%, $115.00 ,06 August 2025,42,3.7,FALSE,No Action
FB002002,Dresses,Zara,Fall,L,Navy, $175.00 ,0%, $175.00 ,06 August 2025,3,1.8,TRUE,Color Mismatch
FB002003,Outerwear,Gap,Spring,S,Green, $162.00 ,0%, $162.00 ,10 January 2025,40,2.1,FALSE,No Action
FB002004,Dresses,Uniqlo,Spring,L,Purple, $146.00 ,0%, $146.00 ,07 August 2024,8,3.0,FALSE,No Action
FB002005,Dresses,H&M,Fall,L,Pink, $82.00 ,42%, $47.00 ,06 August 2025,4,2.1,FALSE,No Action
FB002006,Tops,Zara,Fall,XS,White, $92.00 ,0%, $92.00 ,06 August 2025,30,3.0,FALSE,No Action
FB002007,Dresses,Banana Republic,Winter,XXL,Blue, $133.00 ,6%, $126.00 ,06 August 2025,17,3.4,TRUE,Size Issue
FB002008,Dresses,Ann Taylor,Winter,XXL,Beige, $89.00 ,0%, $89.00 ,06 August 2025,8,2.2,FALSE,No Action
FB002009,Outerwear,Banana Republic,Winter,XL,Beige, $175.00 ,3%, $170.00 ,06 August 2025,46,3.0,FALSE,No Action
FB002010,Dresses,H&M,Summer,L,Black, $154.00 ,0%, $154.00 ,06 August 2025,21,3.3,FALSE,No Action
FB002011,Outerwear,Zara,Fall,S,Beige, $215.00 ,0%, $215.00 ,06 August 2025,16,2.5,FALSE,No Action
FB002012,Tops,Ann Taylor,Fall,M,Brown, $40.00 ,0%, $40.00 ,06 August 2025,35,3.8,FALSE,No Action
FB002013,Accessories,Forever21,Fall,M,Gray, $25.00 ,19%, $21.00 ,06 August 2025,1,4.0,FALSE,No Action
FB002014,Accessories,Uniqlo,Fall,M,Navy, $21.00 ,51%, $10.00 ,06 August 2025,39,4.3,FALSE,No Action
FB002015,Dresses,Zara,Spring,XS,Blue, $146.00 ,0%, $146.00 ,09 July 2025,33,3.7,FALSE,No Action
FB002016,Dresses,Ann Taylor,Spring,S,Gray, $135.00 ,0%, $135.00 ,10 September 2024,30,1.1,FALSE,No Action
FB002017,Shoes,Zara,Spring,L,Green, $84.00 ,7%, $78.00 ,26 March 2025,42,3.4,FALSE,No Action
FB002018,Shoes,H&M,Winter,XS,Beige, $159.00 ,6%, $150.00 ,06 August 2025,8,3.0,FALSE,No Action
FB002019,Bottoms,Ann Taylor,Winter,M,Brown, $84.00 ,0%, $84.00 ,06 August 2025,4,2.8,FALSE,No Action
FB002020,Accessories,Forever21,Winter,M,Red, $38.00 ,0%, $38.00 ,06 August 2025,44,3.0,FALSE,No Action
FB002021,Tops,Banana Republic,Summer,M,Blue, $38.00 ,0%, $38.00 ,06 August 2025,35,4.0,FALSE,No Action
FB002022,Dresses,Zara,Winter,XS,Black, $177.00 ,0%, $177.00 ,06 August 2025,49,1.6,FALSE,No Action
FB002023,Bottoms,Forever21,Spring,XS,Gray, $31.00 ,0%, $31.00 ,19 October 2024,28,3.0,FALSE,No Action
FB002024,Tops,Uniqlo,Summer,XS,Pink, $118.00 ,0%, $118.00 ,06 August 2025,33,2.4,FALSE,No Action
FB002025,Tops,Gap,Spring,S,Green, $26.00 ,24%, $20.00 ,24 May 2025,1,4.7,FALSE,No Action
FB002026,Tops,Forever21,Fall,L,Blue, $29.00 ,0%, $29.00 ,06 August 2025,9,1.0,FALSE,No Action
FB002027,Outerwear,Ann Taylor,Summer,S,Gray, $244.00 ,0%, $244.00 ,06 August 2025,2,3.5,TRUE,Size Issue
FB002028,Accessories,Gap,Spring,S,White, $16.00 ,0%, $16.00 ,26 April 2025,30,3.0,FALSE,No Action
FB002029,Tops,Zara,Fall,S,White, $100.00 ,0%, $100.00 ,06 August 2025,41,3.0,FALSE,No Action
FB002030,Outerwear,Uniqlo,Winter,S,Gray, $175.00 ,0%, $175.00 ,06 August 2025,5,3.6,FALSE,No Action
FB002031,Dresses,Ann Taylor,Spring,XXL,Pink, $133.00 ,20%, $106.00 ,03 June 2025,9,3.2,FALSE,No Action
FB002032,Dresses,Uniqlo,Fall,XXL,Pink, $94.00 ,45%, $52.00 ,06 August 2025,48,4.3,FALSE,No Action
FB002033,Tops,Forever21,Winter,M,Pink, $115.00 ,0%, $115.00 ,06 August 2025,21,1.2,FALSE,No Action
FB002034,Outerwear,Zara,Spring,S,White, $194.00 ,26%, $142.00 ,15 April 2025,12,1.2,FALSE,No Action
FB002035,Shoes,Banana Republic,Spring,L,White, $132.00 ,28%, $95.00 ,31 October 2024,16,3.0,FALSE,No Action
FB002036,Accessories,Uniqlo,Spring,L,Red, $52.00 ,15%, $44.00 ,17 September 2024,7,1.4,FALSE,No Action
FB002037,Dresses,Uniqlo,Spring,XL,Black, $165.00 ,41%, $97.00 ,19 October 2024,22,3.0,FALSE,No Action
FB002038,Accessories,Ann Taylor,Spring,XL,Purple, $42.00 ,34%, $28.00 ,22 December 2024,41,3.0,FALSE,No Action
FB002039,Tops,Uniqlo,Fall,XL,Beige, $72.00 ,0%, $72.00 ,06 August 2025,49,3.1,FALSE,No Action
FB002040,Shoes,Uniqlo,Fall,S,Red, $189.00 ,0%, $189.00 ,06 August 2025,35,2.5,FALSE,No Action
FB002041,Dresses,Ann Taylor,Summer,XL,White, $157.00 ,56%, $69.00 ,06 August 2025,6,2.1,FALSE,No Action
FB002042,Tops,Gap,Spring,S,Purple, $28.00 ,26%, $21.00 ,10 October 2024,47,2.3,TRUE,Size Issue
FB002043,Outerwear,Forever21,Winter,L,Gray, $144.00 ,0%, $144.00 ,06 August 2025,0,4.5,FALSE,No Action
FB002044,Shoes,Banana Republic,Fall,L,Blue, $180.00 ,0%, $180.00 ,06 August 2025,0,4.5,FALSE,No Action
FB002045,Tops,Ann Taylor,Fall,M,Green, $74.00 ,56%, $32.00 ,06 August 2025,16,3.0,TRUE,Wrong Item
FB002046,Dresses,Ann Taylor,Fall,XXL,Navy, $63.00 ,0%, $63.00 ,06 August 2025,36,1.2,FALSE,No Action
FB002047,Shoes,Mango,Spring,S,Black, $105.00 ,32%, $72.00 ,01 April 2025,38,3.5,FALSE,No Action
FB002048,Dresses,Mango,Summer,S,Navy, $86.00 ,24%, $65.00 ,06 August 2025,40,3.5,FALSE,No Action
FB002049,Bottoms,Gap,Fall,M,Navy, $90.00 ,11%, $81.00 ,06 August 2025,33,2.2,TRUE,Damaged
FB002050,Dresses,Mango,Winter,L,Beige, $122.00 ,48%, $63.00 ,06 August 2025,49,4.5,FALSE,No Action
FB002051,Shoes,Banana Republic,Winter,XXL,Gray, $198.00 ,0%, $198.00 ,06 August 2025,12,3.0,FALSE,No Action
FB002052,Shoes,Zara,Winter,M,Beige, $129.00 ,21%, $102.00 ,06 August 2025,3,2.9,FALSE,No Action
FB002053,Accessories,Zara,Summer,M,Pink, $49.00 ,0%, $49.00 ,06 August 2025,49,3.4,FALSE,No Action
FB002054,Outerwear,Uniqlo,Summer,S,Pink, $206.00 ,0%, $206.00 ,06 August 2025,43,3.3,FALSE,No Action
FB002055,Accessories,Banana Republic,Summer,S,Black, $36.00 ,0%, $36.00 ,06 August 2025,18,3.0,FALSE,No Action
FB002056,Accessories,Uniqlo,Summer,S,Green, $21.00 ,12%, $19.00 ,06 August 2025,18,4.8,FALSE,No Action
FB002057,Shoes,Banana Republic,Winter,S,Brown, $174.00 ,44%, $98.00 ,06 August 2025,28,3.3,FALSE,No Action
FB002058,Accessories,Mango,Spring,S,Pink, $19.00 ,0%, $19.00 ,19 June 2025,16,1.4,FALSE,No Action
FB002059,Tops,H&M,Fall,M,Green, $90.00 ,54%, $41.00 ,06 August 2025,15,2.5,FALSE,No Action
FB002060,Shoes,H&M,Fall,L,Blue, $189.00 ,0%, $189.00 ,06 August 2025,25,3.6,TRUE,Color Mismatch
FB002061,Outerwear,Banana Republic,Summer,XXL,Black, $231.00 ,45%, $128.00 ,06 August 2025,15,3.7,FALSE,No Action
FB002062,Accessories,Mango,Fall,XXL,Beige, $66.00 ,0%, $66.00 ,06 August 2025,38,1.4,FALSE,No Action
FB002063,Accessories,H&M,Fall,XXL,Beige, $37.00 ,0%, $37.00 ,06 August 2025,15,3.8,FALSE,No Action
FB002064,Shoes,Uniqlo,Spring,L,Brown, $178.00 ,0%, $178.00 ,08 March 2025,24,3.0,FALSE,No Action
FB002065,Tops,Forever21,Spring,XS,Pink, $73.00 ,0%, $73.00 ,19 August 2024,25,1.3,FALSE,No Action
FB002066,Bottoms,Zara,Winter,XL,Pink, $36.00 ,0%, $36.00 ,06 August 2025,49,3.0,FALSE,No Action
FB002067,Bottoms,H&M,Spring,S,Purple, $48.00 ,0%, $48.00 ,10 December 2024,9,3.1,FALSE,No Action
FB002068,Tops,H&M,Winter,XL,Pink, $94.00 ,31%, $64.00 ,06 August 2025,25,3.0,FALSE,No Action
FB002069,Accessories,Forever21,Summer,XL,Brown, $27.00 ,0%, $27.00 ,06 August 2025,27,4.8,FALSE,No Action
FB002070,Shoes,H&M,Spring,XXL,Gray, $122.00 ,11%, $108.00 ,02 October 2024,23,3.0,FALSE,No Action
FB002071,Dresses,Mango,Spring,XL,Pink, $173.00 ,17%, $144.00 ,20 November 2024,5,1.9,FALSE,No Action
FB002072,Accessories,Uniqlo,Summer,XL,Pink, $77.00 ,0%, $77.00 ,06 August 2025,0,3.1,FALSE,No Action
FB002073,Bottoms,Uniqlo,Winter,M,Black, $34.00 ,0%, $34.00 ,06 August 2025,37,1.3,FALSE,No Action
FB002074,Accessories,Forever21,Summer,M,White, $71.00 ,0%, $71.00 ,06 August 2025,21,1.6,FALSE,No Action
FB002075,Tops,H&M,Summer,M,Brown, $63.00 ,0%, $63.00 ,06 August 2025,18,1.6,FALSE,No Action
FB002076,Outerwear,Forever21,Fall,S,Gray, $249.00 ,0%, $249.00 ,06 August 2025,46,3.6,FALSE,No Action
FB002077,Outerwear,Ann Taylor,Spring,XL,Green, $103.00 ,0%, $103.00 ,24 October 2024,5,3.0,FALSE,No Action
FB002078,Shoes,Uniqlo,Summer,XL,Black, $116.00 ,0%, $116.00 ,06 August 2025,13,3.0,FALSE,No Action
FB002079,Shoes,Gap,Winter,XXL,White, $102.00 ,0%, $102.00 ,06 August 2025,47,3.5,FALSE,No Action
FB002080,Accessories,Ann Taylor,Spring,XXL,Pink, $43.00 ,0%, $43.00 ,23 August 2024,11,4.7,FALSE,No Action
FB002081,Accessories,Forever21,Winter,XXL,Pink, $39.00 ,0%, $39.00 ,06 August 2025,6,2.4,TRUE,Damaged
FB002082,Bottoms,Zara,Spring,S,Pink, $86.00 ,37%, $54.00 ,23 April 2025,18,2.4,TRUE,Size Issue
FB002083,Shoes,Gap,Summer,XXL,Blue, $154.00 ,58%, $64.00 ,06 August 2025,19,3.2,FALSE,No Action
FB002084,Dresses,Gap,Summer,S,Red, $141.00 ,35%, $91.00 ,06 August 2025,12,2.6,FALSE,No Action
FB002085,Outerwear,Gap,Spring,XS,Red, $119.00 ,0%, $119.00 ,02 July 2025,30,2.7,TRUE,Size Issue
FB002086,Accessories,Forever21,Summer,XS,Navy, $15.00 ,48%, $8.00 ,06 August 2025,42,2.0,FALSE,No Action
FB002087,Shoes,Mango,Winter,M,Black, $89.00 ,0%, $89.00 ,06 August 2025,27,3.0,TRUE,Damaged
FB002088,Bottoms,H&M,Fall,S,Blue, $30.00 ,0%, $30.00 ,06 August 2025,32,3.1,FALSE,No Action
FB002089,Dresses,Forever21,Winter,XS,Pink, $115.00 ,0%, $115.00 ,06 August 2025,7,4.5,FALSE,No Action
FB002090,Outerwear,Gap,Winter,S,Red, $155.00 ,0%, $155.00 ,06 August 2025,5,4.8,FALSE,No Action
FB002091,Bottoms,Forever21,Fall,L,Gray, $104.00 ,0%, $104.00 ,06 August 2025,26,4.0,FALSE,No Action
FB002092,Accessories,Gap,Summer,L,Gray, $41.00 ,0%, $41.00 ,06 August 2025,33,3.0,FALSE,No Action
FB002093,Bottoms,Ann Taylor,Spring,M,Beige, $94.00 ,0%, $94.00 ,29 September 2024,20,2.3,FALSE,No Action
FB002094,Bottoms,Mango,Fall,XXL,Red, $107.00 ,22%, $83.00 ,06 August 2025,35,3.7,FALSE,No Action
FB002095,Accessories,Forever21,Summer,XXL,Green, $45.00 ,0%, $45.00 ,06 August 2025,41,1.6,FALSE,No Action
FB002096,Bottoms,Gap,Winter,M,Green, $112.00 ,31%, $77.00 ,06 August 2025,10,1.0,FALSE,No Action
FB002097,Shoes,Uniqlo,Spring,L,Purple, $103.00 ,0%, $103.00 ,23 July 2025,27,2.1,FALSE,No Action
FB002098,Outerwear,Banana Republic,Winter,L,Pink, $168.00 ,0%, $168.00 ,06 August 2025,30,1.6,TRUE,Size Issue
FB002099,Shoes,Mango,Fall,M,Brown, $80.00 ,0%, $80.00 ,06 August 2025,46,2.8,FALSE,No Action
FB002100,Bottoms,Forever21,Spring,XL,Green, $102.00 ,0%, $102.00 ,16 November 2024,35,2.2,FALSE,No Action
FB002101,Tops,Forever21,Fall,XXL,Black, $81.00 ,0%, $81.00 ,06 August 2025,27,1.7,FALSE,No Action
FB002102,Accessories,Uniqlo,Fall,XXL,Gray, $68.00 ,0%, $68.00 ,06 August 2025,47,3.6,FALSE,No Action
FB002103,Bottoms,Zara,Summer,XS,Purple, $43.00 ,0%, $43.00 ,06 August 2025,26,4.8,TRUE,Wrong Item
FB002104,Tops,Zara,Spring,XS,Beige, $81.00 ,0%, $81.00 ,09 May 2025,1,3.5,FALSE,No Action
FB002105,Accessories,Mango,Summer,XS,Blue, $53.00 ,0%, $53.00 ,06 August 2025,16,1.4,TRUE,Damaged
FB002106,Tops,Mango,Summer,L,Red, $100.00 ,0%, $100.00 ,06 August 2025,41,4.7,FALSE,No Action
FB002107,Accessories,Ann Taylor,Winter,L,Gray, $24.00 ,38%, $14.00 ,06 August 2025,43,4.1,FALSE,No Action
FB002108,Accessories,Ann Taylor,Spring,L,Red, $74.00 ,0%, $74.00 ,18 March 2025,26,2.9,FALSE,No Action
FB002109,Dresses,H&M,Spring,XL,Navy, $105.00 ,0%, $105.00 ,02 October 2024,32,2.5,TRUE,Size Issue
FB002110,Shoes,Zara,Summer,L,White, $81.00 ,8%, $75.00 ,06 August 2025,23,2.6,FALSE,No Action
FB002111,Shoes,Forever21,Fall,S,Black, $92.00 ,8%, $84.00 ,06 August 2025,5,3.3,FALSE,No Action
FB002112,Accessories,Mango,Summer,S,Brown, $41.00 ,0%, $41.00 ,06 August 2025,43,3.0,FALSE,No Action
FB002113,Outerwear,Forever21,Fall,M,Pink, $169.00 ,6%, $160.00 ,06 August 2025,12,2.1,FALSE,No Action
FB002114,Accessories,Mango,Winter,M,Red, $66.00 ,51%, $32.00 ,06 August 2025,17,2.2,FALSE,No Action
FB002115,Dresses,Banana Republic,Spring,S,Purple, $139.00 ,14%, $119.00 ,13 September 2024,13,1.3,FALSE,No Action
FB002116,Accessories,Zara,Winter,S,Pink, $70.00 ,50%, $35.00 ,06 August 2025,0,4.6,TRUE,Damaged
FB002117,Shoes,Zara,Winter,XL,Blue, $129.00 ,40%, $78.00 ,06 August 2025,28,1.3,FALSE,No Action
FB002118,Bottoms,Zara,Spring,L,Beige, $75.00 ,0%, $75.00 ,28 January 2025,12,3.6,FALSE,No Action
FB002119,Bottoms,H&M,Winter,M,Beige, $93.00 ,0%, $93.00 ,06 August 2025,4,3.2,TRUE,Size Issue
FB002120,Tops,Banana Republic,Spring,L,Red, $66.00 ,0%, $66.00 ,07 May 2025,1,2.8,FALSE,No Action
FB002121,Tops,Mango,Fall,L,Green, $110.00 ,7%, $103.00 ,06 August 2025,6,3.0,FALSE,No Action
FB002122,Bottoms,Zara,Fall,L,Gray, $52.00 ,0%, $52.00 ,06 August 2025,10,4.5,FALSE,No Action
FB002123,Outerwear,Ann Taylor,Fall,L,Blue, $89.00 ,0%, $89.00 ,06 August 2025,17,4.1,FALSE,No Action
FB002124,Outerwear,Banana Republic,Summer,L,Green, $171.00 ,44%, $96.00 ,06 August 2025,25,3.0,TRUE,Color Mismatch
FB002125,Shoes,Gap,Winter,M,Pink, $129.00 ,0%, $129.00 ,06 August 2025,13,3.8,TRUE,Changed Mind
FB002126,Shoes,Zara,Summer,XS,Brown, $160.00 ,0%, $160.00 ,06 August 2025,8,2.9,FALSE,No Action
FB002127,Tops,Banana Republic,Summer,L,Red, $56.00 ,0%, $56.00 ,06 August 2025,9,3.0,FALSE,No Action
FB002128,Outerwear,Gap,Winter,L,Green, $109.00 ,27%, $80.00 ,06 August 2025,21,3.9,TRUE,Quality Issue
FB002129,Accessories,Uniqlo,Spring,L,Pink, $21.00 ,0%, $21.00 ,03 February 2025,38,1.9,FALSE,No Action
FB002130,Shoes,H&M,Winter,M,Purple, $87.00 ,0%, $87.00 ,06 August 2025,36,2.3,FALSE,No Action
FB002131,Accessories,Forever21,Fall,M,Navy, $36.00 ,0%, $36.00 ,06 August 2025,47,2.8,FALSE,No Action
FB002132,Dresses,H&M,Spring,M,Green, $105.00 ,0%, $105.00 ,27 June 2025,37,4.7,FALSE,No Action
FB002133,Dresses,Zara,Fall,S,Black, $93.00 ,0%, $93.00 ,06 August 2025,4,3.7,FALSE,No Action
FB002134,Accessories,Ann Taylor,Winter,S,Black, $41.00 ,10%, $37.00 ,06 August 2025,9,3.9,FALSE,No Action
FB002135,Accessories,Mango,Summer,S,Red, $74.00 ,58%, $31.00 ,06 August 2025,35,4.8,FALSE,No Action
FB002136,Dresses,Uniqlo,Spring,S,Blue, $85.00 ,0%, $85.00 ,16 December 2024,0,3.7,FALSE,No Action
FB002137,Dresses,Zara,Summer,M,Green, $131.00 ,0%, $131.00 ,06 August 2025,23,4.9,FALSE,No Action
FB002138,Bottoms,Forever21,Summer,XL,Pink, $63.00 ,0%, $63.00 ,06 August 2025,17,2.6,FALSE,No Action
FB002139,Tops,Uniqlo,Fall,M,Beige, $75.00 ,0%, $75.00 ,06 August 2025,7,3.3,FALSE,No Action
FB002140,Tops,Mango,Fall,XXL,Beige, $110.00 ,0%, $110.00 ,06 August 2025,48,2.6,FALSE,No Action
FB002141,Shoes,Mango,Summer,M,White, $190.00 ,6%, $178.00 ,06 August 2025,1,2.0,FALSE,No Action
FB002142,Tops,Mango,Fall,L,White, $100.00 ,17%, $83.00 ,06 August 2025,21,3.6,FALSE,No Action
FB002143,Outerwear,Forever21,Summer,XXL,Pink, $221.00 ,9%, $202.00 ,06 August 2025,5,3.0,FALSE,No Action
FB002144,Bottoms,Gap,Summer,L,Beige, $55.00 ,0%, $55.00 ,06 August 2025,21,1.8,TRUE,Wrong Item
FB002145,Accessories,Uniqlo,Fall,L,Black, $17.00 ,0%, $17.00 ,06 August 2025,47,3.0,FALSE,No Action
FB002146,Bottoms,Uniqlo,Summer,XS,Pink, $56.00 ,0%, $56.00 ,06 August 2025,43,4.4,TRUE,Size Issue
FB002147,Accessories,Gap,Spring,XS,Purple, $47.00 ,0%, $47.00 ,25 December 2024,17,2.9,FALSE,No Action
FB002148,Dresses,Banana Republic,Fall,M,Navy, $152.00 ,9%, $139.00 ,06 August 2025,19,2.2,FALSE,No Action
FB002149,Outerwear,Banana Republic,Winter,M,Beige, $199.00 ,38%, $124.00 ,06 August 2025,6,3.0,FALSE,No Action
FB002150,Accessories,Gap,Summer,M,Gray, $57.00 ,0%, $57.00 ,06 August 2025,22,5.0,FALSE,No Action
FB002151,Dresses,H&M,Fall,XL,Blue, $134.00 ,55%, $60.00 ,06 August 2025,12,3.2,FALSE,No Action
FB002152,Bottoms,Ann Taylor,Fall,S,Brown, $111.00 ,44%, $62.00 ,06 August 2025,22,4.8,FALSE,No Action
FB002153,Accessories,Uniqlo,Spring,S,Brown, $15.00 ,37%, $9.00 ,29 April 2025,46,2.3,FALSE,No Action
FB002154,Tops,Gap,Fall,XL,Black, $100.00 ,52%, $48.00 ,06 August 2025,43,5.0,FALSE,No Action
FB002155,Shoes,Uniqlo,Summer,S,Black, $173.00 ,19%, $140.00 ,06 August 2025,38,3.0,FALSE,No Action
FB002156,Bottoms,Gap,Winter,XL,Green, $37.00 ,15%, $32.00 ,06 August 2025,25,3.6,FALSE,No Action
FB002157,Dresses,Forever21,Summer,M,Black, $154.00 ,0%, $154.00 ,06 August 2025,50,3.1,FALSE,No Action
FB002158,Accessories,Ann Taylor,Spring,M,Purple, $69.00 ,47%, $37.00 ,21 October 2024,26,3.8,FALSE,No Action
FB002159,Dresses,Gap,Winter,XXL,Gray, $171.00 ,0%, $171.00 ,06 August 2025,26,4.3,FALSE,No Action
FB002160,Outerwear,Zara,Summer,XXL,White, $118.00 ,0%, $118.00 ,06 August 2025,6,1.4,TRUE,Quality Issue
FB002161,Dresses,Mango,Winter,XXL,Pink, $118.00 ,0%, $118.00 ,06 August 2025,40,2.3,FALSE,No Action
FB002162,Shoes,Zara,Summer,L,Green, $122.00 ,0%, $122.00 ,06 August 2025,9,3.0,FALSE,No Action
FB002163,Accessories,Gap,Spring,L,Black, $68.00 ,0%, $68.00 ,05 April 2025,2,3.8,FALSE,No Action
FB002164,Shoes,H&M,Spring,XL,White, $178.00 ,0%, $178.00 ,16 March 2025,46,2.6,FALSE,No Action
FB002165,Accessories,Uniqlo,Summer,XL,Green, $30.00 ,31%, $20.00 ,06 August 2025,40,2.4,FALSE,No Action
FB002166,Accessories,Banana Republic,Summer,XL,Black, $76.00 ,0%, $76.00 ,06 August 2025,6,4.9,FALSE,No Action
FB002167,Shoes,Banana Republic,Winter,M,Brown, $116.00 ,16%, $96.00 ,06 August 2025,11,3.0,FALSE,No Action
FB002168,Shoes,H&M,Winter,XS,White, $98.00 ,0%, $98.00 ,06 August 2025,27,3.3,FALSE,No Action
FB002169,Shoes,Ann Taylor,Winter,XS,Beige, $66.00 ,0%, $66.00 ,06 August 2025,45,3.4,FALSE,No Action
FB002170,Accessories,Uniqlo,Spring,XS,Beige, $69.00 ,0%, $69.00 ,05 September 2024,42,3.8,FALSE,No Action
FB002171,Tops,Uniqlo,Winter,XL,Black, $85.00 ,0%, $85.00 ,06 August 2025,39,4.3,FALSE,No Action
FB002172,Tops,Mango,Summer,XL,Black, $31.00 ,0%, $31.00 ,06 August 2025,10,2.1,FALSE,No Action
FB002173,Dresses,Banana Republic,Winter,L,Brown, $50.00 ,0%, $50.00 ,06 August 2025,1,3.1,TRUE,Changed Mind
FB002174,Accessories,Banana Republic,Winter,L,Beige, $79.00 ,55%, $35.00 ,06 August 2025,40,2.6,FALSE,No Action
FB002175,Bottoms,Ann Taylor,Summer,XL,Pink, $105.00 ,0%, $105.00 ,06 August 2025,20,4.9,TRUE,Size Issue
FB002176,Shoes,Ann Taylor,Summer,XXL,White, $154.00 ,0%, $154.00 ,06 August 2025,23,1.3,FALSE,No Action
